Week,mahindra,ssangyong,mazda,toyota,volkswagen
2004-01-04 - 2004-01-10,0,0,0,0,0
2004-01-11 - 2004-01-17,0,0,0,31,0
2004-01-18 - 2004-01-24,0,0,0,45,0
2004-01-25 - 2004-01-31,0,0,0,45,0
2004-02-01 - 2004-02-07,0,0,0,54,0
2004-02-08 - 2004-02-14,0,0,0,45,0
2004-02-15 - 2004-02-21,0,0,0,42,0
2004-02-22 - 2004-02-28,0,0,0,32,0
2004-02-29 - 2004-03-06,0,0,0,48,0
2004-03-07 - 2004-03-13,0,0,0,38,0
2004-03-14 - 2004-03-20,0,0,0,38,0
2004-03-21 - 2004-03-27,0,0,0,38,0
2004-03-28 - 2004-04-03,0,0,0,39,0
2004-04-04 - 2004-04-10,0,0,0,39,0
2004-04-11 - 2004-04-17,0,0,0,40,0
2004-04-18 - 2004-04-24,0,0,0,41,0
2004-04-25 - 2004-05-01,0,0,0,49,0
2004-05-02 - 2004-05-08,0,0,0,42,0
2004-05-09 - 2004-05-15,0,0,0,37,0
2004-05-16 - 2004-05-22,0,0,25,37,0
2004-05-23 - 2004-05-29,0,0,0,52,0
2004-05-30 - 2004-06-05,0,0,0,37,0
2004-06-06 - 2004-06-12,0,0,0,42,25
2004-06-13 - 2004-06-19,0,0,0,35,0
2004-06-20 - 2004-06-26,0,0,0,46,0
2004-06-27 - 2004-07-03,0,0,0,39,0
2004-07-04 - 2004-07-10,0,0,27,54,0
2004-07-11 - 2004-07-17,0,0,0,37,0
2004-07-18 - 2004-07-24,0,0,0,30,0
2004-07-25 - 2004-07-31,0,0,0,43,0
2004-08-01 - 2004-08-07,0,0,0,44,0
2004-08-08 - 2004-08-14,0,0,0,42,0
2004-08-15 - 2004-08-21,0,0,0,48,0
2004-08-22 - 2004-08-28,0,0,0,47,0
2004-08-29 - 2004-09-04,0,0,0,50,22
2004-09-05 - 2004-09-11,0,0,21,47,23
2004-09-12 - 2004-09-18,0,0,0,46,24
2004-09-19 - 2004-09-25,0,0,0,58,26
2004-09-26 - 2004-10-02,0,0,0,36,27
2004-10-03 - 2004-10-09,0,0,0,46,20
2004-10-10 - 2004-10-16,0,0,0,40,20
2004-10-17 - 2004-10-23,0,0,0,30,20
2004-10-24 - 2004-10-30,0,0,0,44,22
2004-10-31 - 2004-11-06,0,0,0,23,23
2004-11-07 - 2004-11-13,0,0,0,39,29
2004-11-14 - 2004-11-20,0,0,0,31,34
2004-11-21 - 2004-11-27,0,0,0,42,0
2004-11-28 - 2004-12-04,0,0,0,51,0
2004-12-05 - 2004-12-11,0,0,0,61,0
2004-12-12 - 2004-12-18,0,0,0,47,0
2004-12-19 - 2004-12-25,0,0,0,49,0
2004-12-26 - 2005-01-01,0,0,0,51,0
2005-01-02 - 2005-01-08,0,0,0,49,0
2005-01-09 - 2005-01-15,0,0,0,67,0
2005-01-16 - 2005-01-22,0,0,0,46,0
2005-01-23 - 2005-01-29,0,0,0,55,18
2005-01-30 - 2005-02-05,0,0,0,46,20
2005-02-06 - 2005-02-12,0,0,0,50,21
2005-02-13 - 2005-02-19,0,0,0,51,22
2005-02-20 - 2005-02-26,0,0,0,39,24
2005-02-27 - 2005-03-05,0,0,0,46,31
2005-03-06 - 2005-03-12,0,0,0,49,17
2005-03-13 - 2005-03-19,0,0,0,66,17
2005-03-20 - 2005-03-26,0,0,0,54,17
2005-03-27 - 2005-04-02,0,0,17,49,17
2005-04-03 - 2005-04-09,0,0,15,55,21
2005-04-10 - 2005-04-16,0,0,15,60,24
2005-04-17 - 2005-04-23,0,0,16,52,16
2005-04-24 - 2005-04-30,0,0,17,64,29
2005-05-01 - 2005-05-07,0,0,0,38,21
2005-05-08 - 2005-05-14,0,0,0,59,17
2005-05-15 - 2005-05-21,0,0,0,65,15
2005-05-22 - 2005-05-28,0,0,0,40,16
2005-05-29 - 2005-06-04,0,0,0,36,16
2005-06-05 - 2005-06-11,0,0,0,60,15
2005-06-12 - 2005-06-18,0,0,0,49,17
2005-06-19 - 2005-06-25,0,0,0,43,19
2005-06-26 - 2005-07-02,0,0,0,51,17
2005-07-03 - 2005-07-09,0,0,0,46,17
2005-07-10 - 2005-07-16,0,0,19,57,31
2005-07-17 - 2005-07-23,0,0,16,45,15
2005-07-24 - 2005-07-30,0,0,16,39,15
2005-07-31 - 2005-08-06,0,0,14,45,17
2005-08-07 - 2005-08-13,0,0,14,60,31
2005-08-14 - 2005-08-20,0,0,14,58,19
2005-08-21 - 2005-08-27,0,0,14,54,14
2005-08-28 - 2005-09-03,0,0,14,51,14
2005-09-04 - 2005-09-10,0,0,13,47,15
2005-09-11 - 2005-09-17,0,0,13,46,18
2005-09-18 - 2005-09-24,0,0,12,62,17
2005-09-25 - 2005-10-01,0,0,22,49,23
2005-10-02 - 2005-10-08,0,0,13,60,29
2005-10-09 - 2005-10-15,0,0,11,51,22
2005-10-16 - 2005-10-22,0,0,18,39,19
2005-10-23 - 2005-10-29,0,0,13,46,21
2005-10-30 - 2005-11-05,0,0,13,59,17
2005-11-06 - 2005-11-12,0,0,17,63,26
2005-11-13 - 2005-11-19,0,0,12,67,24
2005-11-20 - 2005-11-26,0,0,22,52,17
2005-11-27 - 2005-12-03,0,0,15,59,13
2005-12-04 - 2005-12-10,0,0,15,53,16
2005-12-11 - 2005-12-17,0,0,16,53,19
2005-12-18 - 2005-12-24,0,0,17,57,27
2005-12-25 - 2005-12-31,0,0,17,73,19
2006-01-01 - 2006-01-07,0,0,17,67,19
2006-01-08 - 2006-01-14,0,0,18,65,27
2006-01-15 - 2006-01-21,0,0,20,82,33
2006-01-22 - 2006-01-28,0,0,13,71,17
2006-01-29 - 2006-02-04,0,0,11,57,24
2006-02-05 - 2006-02-11,0,0,14,77,30
2006-02-12 - 2006-02-18,0,0,14,79,23
2006-02-19 - 2006-02-25,0,0,10,65,19
2006-02-26 - 2006-03-04,0,0,10,57,18
2006-03-05 - 2006-03-11,0,0,10,59,18
2006-03-12 - 2006-03-18,0,0,11,59,13
2006-03-19 - 2006-03-25,0,0,13,70,13
2006-03-26 - 2006-04-01,0,0,14,73,23
2006-04-02 - 2006-04-08,0,0,21,72,17
2006-04-09 - 2006-04-15,0,0,13,57,16
2006-04-16 - 2006-04-22,0,0,23,47,24
2006-04-23 - 2006-04-29,0,0,11,65,19
2006-04-30 - 2006-05-06,0,0,11,58,23
2006-05-07 - 2006-05-13,0,0,17,71,17
2006-05-14 - 2006-05-20,0,0,16,56,20
2006-05-21 - 2006-05-27,0,0,16,71,17
2006-05-28 - 2006-06-03,0,0,15,51,22
2006-06-04 - 2006-06-10,0,0,14,65,9
2006-06-11 - 2006-06-17,0,0,14,50,23
2006-06-18 - 2006-06-24,0,0,10,71,16
2006-06-25 - 2006-07-01,0,0,12,59,17
2006-07-02 - 2006-07-08,0,0,19,51,18
2006-07-09 - 2006-07-15,0,0,17,71,19
2006-07-16 - 2006-07-22,0,0,15,55,14
2006-07-23 - 2006-07-29,0,0,21,61,18
2006-07-30 - 2006-08-05,0,0,15,58,14
2006-08-06 - 2006-08-12,0,0,19,57,16
2006-08-13 - 2006-08-19,0,0,11,70,20
2006-08-20 - 2006-08-26,0,0,16,66,18
2006-08-27 - 2006-09-02,0,0,12,63,18
2006-09-03 - 2006-09-09,0,0,12,62,18
2006-09-10 - 2006-09-16,0,0,18,67,19
2006-09-17 - 2006-09-23,0,0,10,69,27
2006-09-24 - 2006-09-30,0,0,12,50,23
2006-10-01 - 2006-10-07,0,0,14,70,19
2006-10-08 - 2006-10-14,0,0,20,56,19
2006-10-15 - 2006-10-21,0,0,19,71,30
2006-10-22 - 2006-10-28,0,0,16,70,21
2006-10-29 - 2006-11-04,0,0,7,67,14
2006-11-05 - 2006-11-11,0,0,10,73,16
2006-11-12 - 2006-11-18,0,0,14,74,25
2006-11-19 - 2006-11-25,0,0,23,55,26
2006-11-26 - 2006-12-02,0,0,26,68,19
2006-12-03 - 2006-12-09,0,0,13,64,18
2006-12-10 - 2006-12-16,0,0,17,64,16
2006-12-17 - 2006-12-23,0,0,18,76,15
2006-12-24 - 2006-12-30,0,0,18,78,16
2006-12-31 - 2007-01-06,0,0,11,83,14
2007-01-07 - 2007-01-13,0,0,13,80,15
2007-01-14 - 2007-01-20,0,0,14,66,26
2007-01-21 - 2007-01-27,0,0,20,66,23
2007-01-28 - 2007-02-03,0,0,13,74,18
2007-02-04 - 2007-02-10,0,0,13,69,24
2007-02-11 - 2007-02-17,0,0,17,60,23
2007-02-18 - 2007-02-24,0,0,13,57,21
2007-02-25 - 2007-03-03,0,0,11,66,15
2007-03-04 - 2007-03-10,0,0,16,58,16
2007-03-11 - 2007-03-17,0,0,10,66,20
2007-03-18 - 2007-03-24,0,0,11,62,18
2007-03-25 - 2007-03-31,0,0,12,60,18
2007-04-01 - 2007-04-07,0,0,18,61,13
2007-04-08 - 2007-04-14,0,0,24,74,21
2007-04-15 - 2007-04-21,0,0,15,69,14
2007-04-22 - 2007-04-28,0,0,24,58,18
2007-04-29 - 2007-05-05,0,0,13,53,16
2007-05-06 - 2007-05-12,0,0,14,56,16
2007-05-13 - 2007-05-19,0,0,13,66,16
2007-05-20 - 2007-05-26,0,0,13,54,15
2007-05-27 - 2007-06-02,0,0,18,74,18
2007-06-03 - 2007-06-09,0,0,20,72,22
2007-06-10 - 2007-06-16,0,0,11,58,17
2007-06-17 - 2007-06-23,0,0,17,63,16
2007-06-24 - 2007-06-30,0,0,19,63,14
2007-07-01 - 2007-07-07,0,0,14,64,14
2007-07-08 - 2007-07-14,0,0,11,69,15
2007-07-15 - 2007-07-21,0,0,14,65,15
2007-07-22 - 2007-07-28,0,0,16,64,16
2007-07-29 - 2007-08-04,0,0,23,77,22
2007-08-05 - 2007-08-11,0,0,17,68,16
2007-08-12 - 2007-08-18,0,0,17,84,23
2007-08-19 - 2007-08-25,0,0,18,74,15
2007-08-26 - 2007-09-01,0,0,17,72,13
2007-09-02 - 2007-09-08,0,0,18,79,15
2007-09-09 - 2007-09-15,0,0,18,71,13
2007-09-16 - 2007-09-22,0,0,16,78,15
2007-09-23 - 2007-09-29,0,0,20,66,14
2007-09-30 - 2007-10-06,0,0,18,70,14
2007-10-07 - 2007-10-13,0,0,19,74,16
2007-10-14 - 2007-10-20,0,0,47,60,17
2007-10-21 - 2007-10-27,0,0,23,68,15
2007-10-28 - 2007-11-03,0,0,28,66,16
2007-11-04 - 2007-11-10,0,0,27,75,23
2007-11-11 - 2007-11-17,0,0,26,63,16
2007-11-18 - 2007-11-24,0,0,24,63,17
2007-11-25 - 2007-12-01,0,0,25,72,12
2007-12-02 - 2007-12-08,0,0,23,72,18
2007-12-09 - 2007-12-15,0,0,18,67,14
2007-12-16 - 2007-12-22,0,0,26,63,18
2007-12-23 - 2007-12-29,0,0,12,53,18
2007-12-30 - 2008-01-05,0,0,27,67,19
2008-01-06 - 2008-01-12,0,0,23,83,27
2008-01-13 - 2008-01-19,0,0,22,75,18
2008-01-20 - 2008-01-26,0,0,23,68,14
2008-01-27 - 2008-02-02,0,0,23,67,16
2008-02-03 - 2008-02-09,0,0,21,65,16
2008-02-10 - 2008-02-16,0,0,25,64,20
2008-02-17 - 2008-02-23,0,0,29,63,15
2008-02-24 - 2008-03-01,0,0,21,65,16
2008-03-02 - 2008-03-08,0,0,20,66,15
2008-03-09 - 2008-03-15,0,0,26,65,12
2008-03-16 - 2008-03-22,0,0,24,69,20
2008-03-23 - 2008-03-29,4,0,22,69,15
2008-03-30 - 2008-04-05,0,0,24,71,17
2008-04-06 - 2008-04-12,0,0,20,69,13
2008-04-13 - 2008-04-19,0,0,19,79,15
2008-04-20 - 2008-04-26,0,0,19,70,18
2008-04-27 - 2008-05-03,0,0,20,53,12
2008-05-04 - 2008-05-10,0,0,14,58,16
2008-05-11 - 2008-05-17,0,0,21,67,15
2008-05-18 - 2008-05-24,0,0,18,63,14
2008-05-25 - 2008-05-31,0,0,17,59,17
2008-06-01 - 2008-06-07,0,0,20,62,13
2008-06-08 - 2008-06-14,0,0,17,78,16
2008-06-15 - 2008-06-21,0,0,21,61,15
2008-06-22 - 2008-06-28,0,0,18,65,16
2008-06-29 - 2008-07-05,0,0,19,74,15
2008-07-06 - 2008-07-12,0,0,21,74,9
2008-07-13 - 2008-07-19,0,0,24,79,12
2008-07-20 - 2008-07-26,0,0,15,66,15
2008-07-27 - 2008-08-02,0,0,20,59,15
2008-08-03 - 2008-08-09,0,0,16,55,14
2008-08-10 - 2008-08-16,0,0,23,76,12
2008-08-17 - 2008-08-23,0,0,19,66,16
2008-08-24 - 2008-08-30,0,0,16,60,13
2008-08-31 - 2008-09-06,0,0,20,63,13
2008-09-07 - 2008-09-13,0,0,15,63,15
2008-09-14 - 2008-09-20,0,0,25,66,14
2008-09-21 - 2008-09-27,0,0,16,65,13
2008-09-28 - 2008-10-04,0,0,18,52,10
2008-10-05 - 2008-10-11,0,0,19,60,15
2008-10-12 - 2008-10-18,0,0,20,69,11
2008-10-19 - 2008-10-25,0,0,20,57,12
2008-10-26 - 2008-11-01,0,0,16,59,16
2008-11-02 - 2008-11-08,0,0,17,64,14
2008-11-09 - 2008-11-15,0,0,23,61,12
2008-11-16 - 2008-11-22,0,0,22,70,11
2008-11-23 - 2008-11-29,0,0,17,64,11
2008-11-30 - 2008-12-06,0,0,16,69,16
2008-12-07 - 2008-12-13,0,0,15,70,12
2008-12-14 - 2008-12-20,0,0,14,61,12
2008-12-21 - 2008-12-27,0,0,22,62,12
2008-12-28 - 2009-01-03,0,0,17,67,14
2009-01-04 - 2009-01-10,0,0,20,76,15
2009-01-11 - 2009-01-17,0,0,20,70,15
2009-01-18 - 2009-01-24,0,0,23,74,17
2009-01-25 - 2009-01-31,0,0,18,71,14
2009-02-01 - 2009-02-07,0,0,20,70,16
2009-02-08 - 2009-02-14,0,0,20,67,16
2009-02-15 - 2009-02-21,0,0,17,66,10
2009-02-22 - 2009-02-28,0,0,18,65,8
2009-03-01 - 2009-03-07,0,0,17,60,14
2009-03-08 - 2009-03-14,0,0,19,58,14
2009-03-15 - 2009-03-21,0,0,15,57,16
2009-03-22 - 2009-03-28,0,0,18,61,19
2009-03-29 - 2009-04-04,0,0,18,69,22
2009-04-05 - 2009-04-11,0,0,20,61,21
2009-04-12 - 2009-04-18,0,0,16,67,21
2009-04-19 - 2009-04-25,0,0,15,67,16
2009-04-26 - 2009-05-02,0,0,16,60,15
2009-05-03 - 2009-05-09,0,0,18,71,15
2009-05-10 - 2009-05-16,0,0,19,62,13
2009-05-17 - 2009-05-23,0,0,21,62,17
2009-05-24 - 2009-05-30,0,0,17,61,12
2009-05-31 - 2009-06-06,0,0,16,68,15
2009-06-07 - 2009-06-13,0,0,23,67,19
2009-06-14 - 2009-06-20,0,0,17,72,12
2009-06-21 - 2009-06-27,0,0,17,66,19
2009-06-28 - 2009-07-04,0,0,16,62,14
2009-07-05 - 2009-07-11,0,0,16,69,16
2009-07-12 - 2009-07-18,0,0,22,68,14
2009-07-19 - 2009-07-25,0,0,17,69,19
2009-07-26 - 2009-08-01,0,0,17,64,20
2009-08-02 - 2009-08-08,0,0,23,74,16
2009-08-09 - 2009-08-15,0,0,22,70,18
2009-08-16 - 2009-08-22,0,0,18,69,12
2009-08-23 - 2009-08-29,0,0,25,69,17
2009-08-30 - 2009-09-05,0,0,17,68,16
2009-09-06 - 2009-09-12,0,0,20,73,12
2009-09-13 - 2009-09-19,0,0,15,73,15
2009-09-20 - 2009-09-26,4,0,18,72,17
2009-09-27 - 2009-10-03,3,0,18,78,20
2009-10-04 - 2009-10-10,3,0,19,77,15
2009-10-11 - 2009-10-17,0,0,19,74,13
2009-10-18 - 2009-10-24,0,0,21,78,18
2009-10-25 - 2009-10-31,0,0,21,78,17
2009-11-01 - 2009-11-07,0,0,20,85,16
2009-11-08 - 2009-11-14,0,0,23,80,16
2009-11-15 - 2009-11-21,0,0,20,85,17
2009-11-22 - 2009-11-28,0,0,23,68,15
2009-11-29 - 2009-12-05,0,0,21,71,15
2009-12-06 - 2009-12-12,0,0,24,82,17
2009-12-13 - 2009-12-19,0,0,30,81,22
2009-12-20 - 2009-12-26,0,0,17,84,22
2009-12-27 - 2010-01-02,0,0,18,72,20
2010-01-03 - 2010-01-09,0,0,20,95,28
2010-01-10 - 2010-01-16,3,0,21,81,19
2010-01-17 - 2010-01-23,3,0,20,95,27
2010-01-24 - 2010-01-30,3,0,20,83,23
2010-01-31 - 2010-02-06,0,0,23,92,21
2010-02-07 - 2010-02-13,0,0,20,99,22
2010-02-14 - 2010-02-20,0,0,16,87,19
2010-02-21 - 2010-02-27,0,0,21,82,22
2010-02-28 - 2010-03-06,0,0,16,78,17
2010-03-07 - 2010-03-13,0,0,22,84,22
2010-03-14 - 2010-03-20,0,0,17,88,24
2010-03-21 - 2010-03-27,0,0,19,84,30
2010-03-28 - 2010-04-03,0,0,21,75,20
2010-04-04 - 2010-04-10,0,0,17,76,26
2010-04-11 - 2010-04-17,0,0,19,86,20
2010-04-18 - 2010-04-24,0,0,21,76,16
2010-04-25 - 2010-05-01,0,0,22,86,15
2010-05-02 - 2010-05-08,0,0,19,75,15
2010-05-09 - 2010-05-15,0,0,23,85,15
2010-05-16 - 2010-05-22,0,0,20,81,17
2010-05-23 - 2010-05-29,0,0,17,87,17
2010-05-30 - 2010-06-05,0,0,18,81,14
2010-06-06 - 2010-06-12,0,0,22,82,18
2010-06-13 - 2010-06-19,0,0,20,79,18
2010-06-20 - 2010-06-26,0,0,16,81,20
2010-06-27 - 2010-07-03,0,0,19,78,21
2010-07-04 - 2010-07-10,3,0,19,67,15
2010-07-11 - 2010-07-17,4,0,21,84,17
2010-07-18 - 2010-07-24,4,0,17,78,14
2010-07-25 - 2010-07-31,3,0,22,86,17
2010-08-01 - 2010-08-07,3,0,19,85,16
2010-08-08 - 2010-08-14,3,0,21,80,14
2010-08-15 - 2010-08-21,3,0,20,79,16
2010-08-22 - 2010-08-28,0,0,23,86,17
2010-08-29 - 2010-09-04,0,0,22,75,17
2010-09-05 - 2010-09-11,0,0,19,78,18
2010-09-12 - 2010-09-18,0,0,21,77,15
2010-09-19 - 2010-09-25,0,0,21,78,12
2010-09-26 - 2010-10-02,0,0,26,82,14
2010-10-03 - 2010-10-09,3,0,17,73,15
2010-10-10 - 2010-10-16,3,0,21,75,15
2010-10-17 - 2010-10-23,3,0,20,69,14
2010-10-24 - 2010-10-30,3,0,16,73,19
2010-10-31 - 2010-11-06,3,0,21,75,12
2010-11-07 - 2010-11-13,3,0,18,88,14
2010-11-14 - 2010-11-20,3,0,21,85,17
2010-11-21 - 2010-11-27,0,0,22,70,14
2010-11-28 - 2010-12-04,0,0,20,85,14
2010-12-05 - 2010-12-11,0,0,16,88,17
2010-12-12 - 2010-12-18,0,0,20,76,14
2010-12-19 - 2010-12-25,0,0,20,75,16
2010-12-26 - 2011-01-01,0,0,19,71,11
2011-01-02 - 2011-01-08,3,0,17,81,17
2011-01-09 - 2011-01-15,2,0,17,77,15
2011-01-16 - 2011-01-22,3,0,23,79,17
2011-01-23 - 2011-01-29,2,0,21,84,17
2011-01-30 - 2011-02-05,2,0,17,70,14
2011-02-06 - 2011-02-12,2,0,18,75,14
2011-02-13 - 2011-02-19,3,0,20,82,14
2011-02-20 - 2011-02-26,2,0,15,72,15
2011-02-27 - 2011-03-05,1,0,16,73,16
2011-03-06 - 2011-03-12,2,0,17,73,15
2011-03-13 - 2011-03-19,2,0,17,71,14
2011-03-20 - 2011-03-26,3,0,16,72,13
2011-03-27 - 2011-04-02,1,0,16,77,14
2011-04-03 - 2011-04-09,1,2,15,74,14
2011-04-10 - 2011-04-16,2,0,15,80,16
2011-04-17 - 2011-04-23,2,0,18,84,17
2011-04-24 - 2011-04-30,2,0,14,72,12
2011-05-01 - 2011-05-07,2,0,14,74,13
2011-05-08 - 2011-05-14,3,0,15,70,18
2011-05-15 - 2011-05-21,3,0,16,74,14
2011-05-22 - 2011-05-28,2,0,17,70,13
2011-05-29 - 2011-06-04,2,0,14,77,16
2011-06-05 - 2011-06-11,2,0,17,76,15
2011-06-12 - 2011-06-18,2,0,16,80,16
2011-06-19 - 2011-06-25,2,0,15,76,16
2011-06-26 - 2011-07-02,2,0,15,73,13
2011-07-03 - 2011-07-09,2,0,16,77,15
2011-07-10 - 2011-07-16,2,0,17,76,14
2011-07-17 - 2011-07-23,2,0,16,83,16
2011-07-24 - 2011-07-30,2,0,15,75,13
2011-07-31 - 2011-08-06,2,0,18,73,15
2011-08-07 - 2011-08-13,3,0,16,72,14
2011-08-14 - 2011-08-20,2,0,14,79,12
2011-08-21 - 2011-08-27,2,0,16,80,15
2011-08-28 - 2011-09-03,2,0,15,72,14
2011-09-04 - 2011-09-10,1,0,14,75,13
2011-09-11 - 2011-09-17,1,0,15,84,14
2011-09-18 - 2011-09-24,2,0,12,86,17
2011-09-25 - 2011-10-01,2,0,14,73,11
2011-10-02 - 2011-10-08,2,0,16,78,14
2011-10-09 - 2011-10-15,3,0,16,77,11
2011-10-16 - 2011-10-22,2,0,18,80,15
2011-10-23 - 2011-10-29,4,0,16,77,16
2011-10-30 - 2011-11-05,2,0,13,79,17
2011-11-06 - 2011-11-12,3,0,14,86,16
2011-11-13 - 2011-11-19,2,1,16,90,16
2011-11-20 - 2011-11-26,2,1,15,87,15
2011-11-27 - 2011-12-03,3,1,13,82,12
2011-12-04 - 2011-12-10,3,1,17,79,15
2011-12-11 - 2011-12-17,2,1,13,75,12
2011-12-18 - 2011-12-24,2,0,17,76,11
2011-12-25 - 2011-12-31,2,0,15,81,12
2012-01-01 - 2012-01-07,3,0,15,81,12
2012-01-08 - 2012-01-14,4,0,14,81,17
2012-01-15 - 2012-01-21,4,0,16,81,16
2012-01-22 - 2012-01-28,5,0,17,78,13
2012-01-29 - 2012-02-04,3,0,15,75,14
2012-02-05 - 2012-02-11,4,1,17,80,13
2012-02-12 - 2012-02-18,3,1,16,76,13
2012-02-19 - 2012-02-25,3,1,16,73,15
2012-02-26 - 2012-03-03,3,1,13,71,13
2012-03-04 - 2012-03-10,3,1,14,73,13
2012-03-11 - 2012-03-17,3,1,15,73,14
2012-03-18 - 2012-03-24,2,1,15,71,12
2012-03-25 - 2012-03-31,2,1,14,73,12
2012-04-01 - 2012-04-07,3,1,17,67,13
2012-04-08 - 2012-04-14,3,1,17,74,11
2012-04-15 - 2012-04-21,3,1,15,75,13
2012-04-22 - 2012-04-28,4,1,14,62,12
2012-04-29 - 2012-05-05,2,1,11,72,14
2012-05-06 - 2012-05-12,3,1,15,74,13
2012-05-13 - 2012-05-19,2,1,16,78,12
2012-05-20 - 2012-05-26,3,1,15,85,12
2012-05-27 - 2012-06-02,3,1,14,79,13
2012-06-03 - 2012-06-09,3,1,17,76,14
2012-06-10 - 2012-06-16,3,1,15,78,12
2012-06-17 - 2012-06-23,3,1,19,81,13
2012-06-24 - 2012-06-30,4,1,16,81,12
2012-07-01 - 2012-07-07,3,1,16,75,13
2012-07-08 - 2012-07-14,3,1,15,85,14
2012-07-15 - 2012-07-21,4,1,14,92,15
2012-07-22 - 2012-07-28,2,1,15,84,13
2012-07-29 - 2012-08-04,2,1,13,81,11
2012-08-05 - 2012-08-11,3,1,14,80,11
2012-08-12 - 2012-08-18,3,1,16,100,14
2012-08-19 - 2012-08-25,2,1,17,96,13
2012-08-26 - 2012-09-01,3,1,14,81,11
2012-09-02 - 2012-09-08,3,1,12,77,12
2012-09-09 - 2012-09-15,3,1,16,77,12
2012-09-16 - 2012-09-22,3,1,16,80,13
2012-09-23 - 2012-09-29,3,2,13,76,13
2012-09-30 - 2012-10-06,4,1,16,70,13
2012-10-07 - 2012-10-13,3,1,16,80,14
2012-10-14 - 2012-10-20,3,1,15,76,11
2012-10-21 - 2012-10-27,2,1,17,73,12
2012-10-28 - 2012-11-03,2,1,17,68,11
2012-11-04 - 2012-11-10,2,1,16,76,14
2012-11-11 - 2012-11-17,3,2,15,72,14
2012-11-18 - 2012-11-24,3,1,14,72,14
2012-11-25 - 2012-12-01,2,1,18,74,13
2012-12-02 - 2012-12-08,2,1,15,72,13
2012-12-09 - 2012-12-15,3,1,15,71,12
2012-12-16 - 2012-12-22,3,0,17,67,14
2012-12-23 - 2012-12-29,3,0,17,68,13
2012-12-30 - 2013-01-05,3,0,14,79,15
2013-01-06 - 2013-01-12,3,0,17,79,15
2013-01-13 - 2013-01-19,3,0,15,85,15
2013-01-20 - 2013-01-26,3,1,15,80,14
2013-01-27 - 2013-02-02,2,1,15,78,15
2013-02-03 - 2013-02-09,3,1,15,73,16
2013-02-10 - 2013-02-16,3,1,13,67,17
2013-02-17 - 2013-02-23,3,1,14,76,14
2013-02-24 - 2013-03-02,3,1,12,70,13
2013-03-03 - 2013-03-09,3,1,12,75,15
2013-03-10 - 2013-03-16,3,1,13,73,16
2013-03-17 - 2013-03-23,3,1,14,78,15
2013-03-24 - 2013-03-30,3,1,15,65,13
2013-03-31 - 2013-04-06,2,1,14,74,14
2013-04-07 - 2013-04-13,3,1,14,78,15
2013-04-14 - 2013-04-20,3,1,15,85,15
2013-04-21 - 2013-04-27,3,1,16,78,13
2013-04-28 - 2013-05-04,3,1,14,75,13
2013-05-05 - 2013-05-11,3,1,15,75,16
2013-05-12 - 2013-05-18,3,1,16,73,12
2013-05-19 - 2013-05-25,3,1,16,75,14
2013-05-26 - 2013-06-01,2,1,15,72,15
2013-06-02 - 2013-06-08,3,1,15,73,13
2013-06-09 - 2013-06-15,2,1,13,78,13
2013-06-16 - 2013-06-22,3,1,15,79,13
2013-06-23 - 2013-06-29,3,1,16,78,13
2013-06-30 - 2013-07-06,3,1,14,73,14
2013-07-07 - 2013-07-13,3,1,13,80,13
2013-07-14 - 2013-07-20,2,1,14,74,12
2013-07-21 - 2013-07-27,2,1,15,76,14
2013-07-28 - 2013-08-03,3,1,13,74,13
2013-08-04 - 2013-08-10,2,1,14,72,13
2013-08-11 - 2013-08-17,3,1,14,72,15
2013-08-18 - 2013-08-24,3,0,14,73,13
2013-08-25 - 2013-08-31,2,0,14,77,11
2013-09-01 - 2013-09-07,3,0,15,71,11
2013-09-08 - 2013-09-14,3,0,13,81,14
2013-09-15 - 2013-09-21,3,0,15,70,13
2013-09-22 - 2013-09-28,2,1,15,70,11
2013-09-29 - 2013-10-05,3,1,13,67,11
2013-10-06 - 2013-10-12,4,1,14,71,12
2013-10-13 - 2013-10-19,3,1,13,73,12
2013-10-20 - 2013-10-26,3,1,14,70,12
2013-10-27 - 2013-11-02,2,1,12,67,11
2013-11-03 - 2013-11-09,2,1,14,70,10
2013-11-10 - 2013-11-16,2,1,13,72,10
2013-11-17 - 2013-11-23,2,1,13,68,11
2013-11-24 - 2013-11-30,2,1,13,66,11
2013-12-01 - 2013-12-07,2,1,13,62,10
2013-12-08 - 2013-12-14,1,1,11,59,9
2013-12-15 - 2013-12-21,1,1,11,61,9
2013-12-22 - 2013-12-28,2,0,11,55,7
2013-12-29 - 2014-01-04,1,0,11,63,9
2014-01-05 - 2014-01-11,2,0,12,69,11
2014-01-12 - 2014-01-18,2,0,13,65,10
2014-01-19 - 2014-01-25,2,0,16,68,9
2014-01-26 - 2014-02-01,1,0,14,60,9
2014-02-02 - 2014-02-08,2,1,12,62,8
2014-02-09 - 2014-02-15,2,1,11,63,7
2014-02-16 - 2014-02-22,2,1,13,66,9
2014-02-23 - 2014-03-01,1,1,13,61,8
2014-03-02 - 2014-03-08,1,0,12,60,8
2014-03-09 - 2014-03-15,2,0,12,68,8
2014-03-16 - 2014-03-22,2,0,11,66,9
2014-03-23 - 2014-03-29,2,0,11,62,9
2014-03-30 - 2014-04-05,2,0,12,66,10
2014-04-06 - 2014-04-12,2,0,13,70,9
2014-04-13 - 2014-04-19,2,0,13,66,9
2014-04-20 - 2014-04-26,2,1,11,67,9
2014-04-27 - 2014-05-03,2,1,11,64,9
2014-05-04 - 2014-05-10,2,0,10,67,8
2014-05-11 - 2014-05-17,2,1,12,66,11
2014-05-18 - 2014-05-24,2,1,12,68,10
2014-05-25 - 2014-05-31,2,1,14,67,9
2014-06-01 - 2014-06-07,2,1,13,68,9
2014-06-08 - 2014-06-14,2,0,15,73,11
2014-06-15 - 2014-06-21,2,1,13,70,9
2014-06-22 - 2014-06-28,2,0,12,71,11
2014-06-29 - 2014-07-05,2,1,11,64,10
2014-07-06 - 2014-07-12,2,1,13,68,11
2014-07-13 - 2014-07-19,2,1,13,75,11
2014-07-20 - 2014-07-26,2,1,12,71,9
2014-07-27 - 2014-08-02,2,1,12,69,9
2014-08-03 - 2014-08-09,2,1,12,63,10
2014-08-10 - 2014-08-16,2,0,12,70,10
2014-08-17 - 2014-08-23,2,0,12,65,10
2014-08-24 - 2014-08-30,2,0,12,66,9
2014-08-31 - 2014-09-06,2,0,12,67,9
2014-09-07 - 2014-09-13,2,0,12,66,10
2014-09-14 - 2014-09-20,2,0,13,68,10
2014-09-21 - 2014-09-27,2,0,13,68,9
2014-09-28 - 2014-10-04,2,0,13,65,9
2014-10-05 - 2014-10-11,2,0,14,67,10
2014-10-12 - 2014-10-18,2,0,16,71,9
2014-10-19 - 2014-10-25,2,0,15,69,10
2014-10-26 - 2014-11-01,2,0,12,67,7
2014-11-02 - 2014-11-08,2,1,15,66,8
2014-11-09 - 2014-11-15,3,1,17,70,9
, , , , , 
