Week,chrysler,citroen,daihatsu,faw,fiat,ford,honda,hyundai,isuzu,jaguar,jeep,kia,landrover,lexus,lotus,mahindra,mazda,mercedes,mini,mitsubishi,nissan,opel,peugeot,porsche,renault,rover,saab,smart,ssangyong,subaru,suzuki,tata,toyota,volkswagen,volvo,bentley,chana,chery,colt,datsun,dodge,ducati,ferrari,gwm,fiatprofessional,geely,hino,hummer,infiniti,kawasaki,lamborghini,maserati,proton,rollsroyce,triumph,yamaha,alfaromeo,audi,bmw,chevrolet
2004-01-04,0,0,0,0,0,58,0,0,0,0,0,0,0,0,0,0,0,0,0,0,0,57,0,0,0,0,0,0,0,0,0,0,0,0,0,0,0,0,0,0,0,0,0,0,0,0,0,0,0,0,0,0,0,0,0,95,0,0,45,0
2004-01-11,0,0,0,0,0,63,0,0,0,0,0,0,0,0,0,0,0,0,0,0,0,0,0,0,0,0,0,0,0,0,0,0,31,0,0,0,0,0,0,0,0,0,0,0,0,0,0,0,0,0,0,0,0,0,0,0,0,0,45,0
2004-01-18,0,0,0,0,0,48,52,0,0,0,0,0,0,0,0,0,0,0,0,0,0,0,0,0,0,91,0,0,0,0,0,0,45,0,0,0,0,0,0,0,0,0,0,0,0,0,0,0,0,0,0,0,0,0,0,0,0,26,83,0
2004-01-25,0,0,0,0,0,56,52,0,0,0,0,0,0,0,0,0,0,0,0,0,0,0,0,0,0,67,0,0,0,0,0,0,45,0,0,0,0,0,0,0,0,0,100,0,0,0,0,0,0,0,0,0,0,0,0,0,0,28,57,0
2004-02-01,0,0,0,0,0,45,52,0,0,0,0,0,0,0,0,0,0,0,57,0,0,0,0,0,0,67,0,0,0,0,0,0,54,0,0,0,0,0,0,0,0,0,0,0,0,0,0,0,0,0,0,0,0,0,0,0,0,31,32,0
2004-02-08,0,0,0,0,0,49,53,0,0,0,0,0,0,0,0,0,0,0,44,0,36,0,0,0,0,0,0,0,0,0,0,0,45,0,0,0,0,0,0,0,0,0,0,0,0,0,0,0,0,0,0,0,0,0,0,0,0,34,53,0
2004-02-15,0,0,0,0,0,49,0,0,0,0,0,0,0,0,0,0,0,0,44,0,37,34,0,0,0,0,0,0,0,0,0,0,42,0,0,0,0,0,0,0,0,0,0,0,0,0,0,0,0,0,0,0,0,0,0,0,0,22,43,0
2004-02-22,0,0,0,0,0,42,0,0,0,0,0,0,0,0,0,0,0,0,0,0,0,0,0,0,0,0,0,0,0,0,0,0,32,0,0,0,0,0,0,0,0,0,0,0,0,0,0,0,0,0,0,0,0,0,0,0,0,0,50,0
2004-02-29,0,0,0,0,0,46,0,0,0,0,0,0,0,0,0,0,0,0,0,0,0,0,0,0,0,0,0,0,0,0,0,0,48,0,0,0,0,0,0,0,0,0,0,0,0,0,0,0,0,0,0,0,0,0,0,0,0,0,63,0
2004-03-07,0,0,0,0,0,51,0,0,0,0,0,0,0,0,0,0,0,0,0,0,0,0,0,0,0,0,0,0,0,0,0,0,38,0,0,0,0,0,0,0,0,0,0,0,0,0,0,0,0,0,0,0,0,0,0,0,0,0,60,0
2004-03-14,0,0,0,0,0,55,0,0,0,0,0,0,0,0,0,0,0,0,0,0,0,0,0,0,0,76,0,60,0,0,0,0,38,0,0,0,0,0,0,0,0,0,0,0,0,0,0,0,0,0,0,0,0,0,0,54,0,0,52,0
2004-03-21,0,0,0,0,0,39,0,0,0,0,0,0,0,0,0,0,0,0,0,0,0,0,0,0,0,0,0,59,0,0,0,0,38,0,0,0,0,0,0,0,0,0,0,0,0,0,0,0,0,0,0,0,0,0,0,0,0,0,72,0
2004-03-28,0,0,0,0,0,39,0,0,0,0,0,0,0,0,0,0,0,0,0,0,0,0,0,0,0,0,0,59,0,0,0,0,39,0,0,0,0,0,0,0,0,0,0,0,0,0,0,0,0,0,0,0,0,0,0,0,0,0,52,0
2004-04-04,0,0,0,0,0,74,0,0,0,0,0,0,0,0,0,0,0,0,0,0,0,0,0,0,0,0,0,52,0,0,0,0,39,0,0,0,0,0,0,0,0,0,0,0,0,0,0,0,0,0,0,0,0,0,0,0,0,0,52,0
2004-04-11,0,0,0,0,0,48,0,0,0,0,0,0,0,0,0,0,0,0,0,0,0,0,0,0,0,0,0,52,0,0,0,0,40,0,0,0,0,0,0,0,0,0,0,0,0,0,0,0,0,0,0,0,0,0,0,0,0,0,50,0
2004-04-18,0,0,0,0,0,48,42,0,0,0,0,0,0,0,0,0,0,0,0,0,0,50,0,0,0,0,0,52,0,0,0,0,41,0,0,0,0,0,0,0,0,0,0,0,0,0,0,0,0,0,0,0,0,0,0,0,0,0,50,0
2004-04-25,0,0,0,0,0,66,42,0,0,0,0,0,0,0,0,0,0,0,0,0,0,34,0,0,0,0,0,54,0,0,0,0,49,0,0,0,0,0,0,0,0,0,0,0,0,0,0,0,0,0,0,0,0,0,0,0,0,0,51,0
2004-05-02,0,0,0,0,0,49,42,0,0,0,0,0,0,0,0,0,0,0,37,0,0,34,0,0,0,0,0,57,0,0,0,0,42,0,0,0,0,0,0,0,0,0,0,0,0,0,0,0,0,0,0,0,0,0,0,0,0,31,44,0
2004-05-09,0,0,0,0,0,53,42,0,0,0,0,0,0,0,0,0,0,0,36,0,0,34,0,0,0,0,0,0,0,0,0,0,37,0,0,0,0,0,0,0,0,0,0,0,0,0,0,0,0,0,0,0,0,0,0,0,0,23,66,0
2004-05-16,0,0,0,0,0,57,42,0,0,0,0,0,0,0,0,0,54,0,36,0,0,34,0,0,0,0,0,0,0,0,23,0,37,0,0,0,0,0,0,0,0,0,0,0,0,0,0,0,0,0,0,0,0,0,0,78,0,23,51,0
2004-05-23,0,0,0,0,0,61,42,0,0,0,0,0,0,0,0,0,0,0,32,0,40,34,0,0,0,0,0,0,0,0,0,0,52,0,0,0,0,0,0,0,0,0,0,0,0,0,0,0,0,0,0,0,0,0,0,62,0,23,53,0
2004-05-30,0,0,0,0,0,42,42,0,0,0,0,0,0,0,0,0,0,0,32,0,0,0,0,0,0,0,0,0,0,0,0,0,37,0,0,0,0,0,0,0,0,0,0,0,0,0,0,0,0,0,0,0,0,0,0,62,0,23,56,0
2004-06-06,0,0,0,0,0,57,50,0,0,0,0,0,0,0,0,0,0,0,32,0,0,0,0,0,0,0,0,0,0,0,0,0,42,38,0,0,0,0,0,0,0,0,0,0,0,0,0,0,0,0,0,0,0,0,0,58,0,23,62,0
2004-06-13,0,0,0,0,0,39,59,0,0,0,0,0,0,0,0,0,0,0,35,0,0,0,0,0,0,58,0,82,0,0,0,0,35,0,0,0,0,0,0,0,0,0,0,0,0,0,0,0,0,0,0,0,0,0,0,64,0,0,42,0
2004-06-20,0,0,0,0,0,37,47,0,0,0,0,0,0,0,0,0,0,0,37,0,0,0,0,0,0,0,0,85,0,0,0,0,46,0,0,0,0,0,0,0,0,0,0,0,0,0,0,0,0,0,0,0,0,0,0,65,0,0,39,0
2004-06-27,0,0,0,0,0,49,47,0,0,0,0,0,0,0,0,0,0,0,39,0,0,0,0,0,0,0,0,89,0,0,0,0,39,0,0,0,0,0,0,0,0,0,0,0,0,0,0,0,0,0,0,0,0,0,0,67,0,0,56,0
2004-07-04,0,0,0,0,0,62,52,0,0,0,0,0,0,0,0,0,58,0,42,0,35,0,0,0,0,0,0,93,0,0,0,0,54,0,0,0,0,0,0,0,0,0,0,0,0,0,0,0,0,0,0,0,0,0,0,69,0,0,46,0
2004-07-11,0,0,0,0,0,89,58,0,0,0,0,0,0,0,0,0,0,0,44,0,48,0,0,0,0,0,0,96,0,0,0,0,37,0,0,0,0,0,0,0,0,0,0,0,0,0,0,0,0,0,0,0,0,0,0,55,0,0,40,0
2004-07-18,0,0,0,0,0,33,44,0,0,0,0,0,0,0,0,0,0,0,48,0,36,42,0,0,0,0,0,100,0,0,0,0,30,0,0,0,0,0,0,0,0,0,0,0,0,0,0,0,0,0,0,0,0,0,0,55,0,0,78,0
2004-07-25,0,0,0,0,0,47,35,0,0,0,0,0,0,0,0,0,0,0,27,0,33,31,0,0,0,0,0,67,0,0,0,0,43,0,0,0,0,0,0,0,0,0,0,0,0,0,0,0,0,0,0,0,0,0,0,50,0,0,28,0
2004-08-01,0,0,0,0,0,60,35,0,0,0,0,0,0,0,0,0,0,0,27,0,28,31,0,0,0,57,0,67,0,0,0,0,44,0,0,0,0,0,0,0,0,0,0,0,0,0,0,0,0,0,0,0,0,0,0,53,0,0,70,0
2004-08-08,0,0,0,0,0,59,42,0,0,0,0,0,0,0,0,0,0,0,27,0,53,32,0,0,0,45,0,67,0,0,0,0,42,0,0,0,0,0,0,0,0,0,0,0,0,0,0,0,0,0,0,0,0,0,0,55,0,0,61,0
2004-08-15,0,0,0,0,0,51,45,0,0,0,0,0,0,0,0,0,0,0,27,0,35,32,0,0,0,45,0,67,0,0,0,0,48,0,0,0,0,0,0,0,0,0,89,0,0,0,0,0,0,0,0,0,0,0,0,58,0,0,61,0
2004-08-22,0,0,0,0,0,34,40,0,0,0,0,0,0,0,0,0,0,0,33,0,33,30,0,0,0,45,0,50,0,0,0,0,47,0,0,0,0,0,0,0,0,0,64,0,0,0,0,0,0,0,0,0,0,0,0,45,0,24,46,0
2004-08-29,0,0,0,0,0,34,40,0,0,0,0,0,0,0,0,0,0,0,30,0,27,38,0,0,0,45,0,0,0,0,0,0,50,33,0,0,0,0,0,0,0,0,68,0,0,0,0,0,0,0,0,0,0,0,0,54,0,20,48,0
2004-09-05,0,0,0,0,0,61,42,0,0,0,0,0,0,0,0,0,45,0,30,0,27,46,0,0,0,45,0,0,0,0,0,0,47,35,0,0,0,0,0,0,0,0,71,0,0,0,0,0,0,0,0,0,0,0,0,63,0,20,65,0
2004-09-12,0,0,0,0,0,45,51,0,0,0,0,0,0,0,0,0,0,0,32,0,37,40,0,0,0,0,0,0,0,0,0,0,46,37,0,0,0,0,0,0,0,0,74,0,0,0,0,0,0,0,0,0,0,0,0,44,0,25,61,0
2004-09-19,0,0,0,0,0,38,45,0,0,0,0,0,0,0,0,0,0,61,34,0,34,40,0,0,0,0,0,0,0,0,0,0,58,39,0,0,0,0,0,0,0,0,78,0,0,0,0,0,0,0,0,0,0,0,0,51,0,20,86,0
2004-09-26,0,0,0,0,0,45,48,0,0,0,0,0,0,0,0,0,0,0,29,0,34,40,0,0,0,0,0,0,0,0,0,0,36,41,0,0,0,0,0,0,0,0,81,0,0,0,0,0,0,0,0,0,0,0,0,52,0,20,61,0
2004-10-03,0,0,0,0,0,53,59,0,0,0,0,0,0,0,0,0,0,0,30,0,35,40,0,0,44,0,0,44,0,0,0,0,46,31,0,0,0,0,0,0,0,0,0,0,0,0,0,0,0,0,0,0,0,0,0,44,0,20,53,0
2004-10-10,0,0,0,0,0,60,43,0,0,0,0,0,0,0,0,0,0,0,32,0,35,35,0,0,0,0,0,46,0,0,0,0,40,31,0,0,0,0,0,0,0,0,0,0,0,0,0,0,0,0,0,0,0,0,0,0,0,20,42,0
2004-10-17,0,0,0,0,0,43,46,0,0,0,0,0,0,0,0,0,0,0,36,0,36,38,0,0,0,0,0,47,0,0,0,0,30,31,0,0,0,0,0,0,0,0,0,0,0,0,0,0,0,0,0,0,0,0,0,0,0,20,66,0
2004-10-24,0,0,0,0,0,47,58,0,0,0,0,0,0,0,0,0,0,0,59,0,37,47,0,0,0,0,0,0,0,0,0,0,44,33,0,0,0,0,0,0,0,0,0,0,0,0,0,0,0,0,0,0,0,0,0,0,0,23,68,0
2004-10-31,0,0,0,0,0,52,70,0,0,0,0,0,0,0,0,0,0,0,46,0,38,0,0,0,0,0,0,0,0,0,0,0,23,36,0,0,0,0,0,0,0,0,0,0,0,0,0,0,0,0,0,0,0,0,0,0,0,25,51,0
2004-11-07,0,0,0,0,0,56,52,0,0,0,0,0,0,0,0,0,0,0,46,0,0,0,0,0,0,0,0,0,0,0,0,0,39,44,0,0,0,0,0,0,0,0,0,0,0,0,0,0,0,0,0,0,0,0,0,0,0,0,56,0
2004-11-14,0,0,0,0,0,63,52,0,0,0,0,0,0,0,0,0,0,0,46,0,0,0,0,0,0,0,0,0,0,0,0,0,31,52,0,0,0,0,0,0,0,0,0,0,0,0,0,0,0,0,0,0,0,0,0,0,0,0,51,0
2004-11-21,0,0,0,0,0,53,52,0,0,0,0,0,0,0,0,0,0,0,42,0,0,0,0,0,0,0,0,0,0,0,0,0,42,0,0,0,0,0,0,0,0,0,0,0,0,0,0,0,0,0,0,0,0,0,0,50,0,0,50,0
2004-11-28,0,0,0,0,0,59,52,0,0,0,0,0,0,0,0,0,0,0,47,0,0,0,0,0,52,0,0,0,0,0,0,0,51,0,0,0,0,0,0,0,0,0,0,0,0,0,0,0,0,0,0,0,0,0,0,57,0,0,75,0
2004-12-05,0,0,0,0,0,63,53,0,0,0,0,0,0,0,0,0,0,0,35,0,0,0,0,0,0,0,0,0,0,0,0,0,61,0,0,0,0,0,0,0,0,0,0,0,0,0,0,0,0,0,0,0,0,0,0,0,0,0,46,0
2004-12-12,0,0,0,0,0,48,64,0,0,0,0,0,0,0,0,0,0,0,35,0,0,0,0,0,0,0,0,0,0,0,0,0,47,0,0,0,0,0,0,0,0,0,0,0,0,0,0,0,0,0,0,0,0,0,0,0,0,27,57,0
2004-12-19,0,0,0,0,0,48,76,0,0,0,0,0,0,0,0,0,0,0,35,0,0,0,0,0,0,0,0,0,0,0,0,0,49,0,0,0,0,0,0,0,0,0,0,0,0,0,0,0,0,0,0,0,0,0,0,0,0,23,57,0
2004-12-26,0,0,0,0,0,52,39,0,0,0,0,0,0,0,0,0,0,0,35,0,0,0,0,0,0,0,0,0,0,0,0,0,51,0,0,0,0,0,0,0,0,0,0,0,0,0,0,0,0,0,0,0,0,0,0,0,0,23,59,0
2005-01-02,0,0,0,0,0,56,39,0,0,0,0,0,0,0,0,0,0,0,35,0,41,0,0,0,0,0,0,0,0,0,0,0,49,0,0,0,0,0,0,0,0,0,0,0,0,0,0,0,0,0,0,0,0,0,0,0,0,23,61,0
2005-01-09,0,0,0,0,0,52,37,0,0,0,0,0,0,0,0,0,0,0,26,0,45,26,0,0,0,0,0,0,0,0,0,0,67,0,0,0,0,0,0,0,0,0,0,0,0,0,0,0,0,0,0,0,0,0,0,43,0,23,59,0
2005-01-16,0,0,0,0,0,61,37,0,0,0,0,0,0,0,0,0,0,0,50,0,50,38,0,0,0,0,0,63,0,0,0,0,46,0,0,0,0,0,0,0,0,0,67,0,0,0,0,0,0,0,0,0,0,0,0,45,0,24,55,0
2005-01-23,0,0,0,0,0,44,49,0,0,0,0,0,0,0,0,0,0,0,47,0,23,23,0,43,47,0,0,47,0,0,0,0,55,28,0,0,0,0,0,0,0,0,51,0,0,0,0,0,0,0,0,0,0,0,0,46,0,16,60,0
2005-01-30,0,0,0,0,0,38,28,0,0,0,0,0,0,0,0,0,0,0,34,0,28,25,0,0,49,0,0,38,0,0,0,0,46,30,0,0,0,0,0,0,0,0,51,0,0,0,0,0,0,0,0,0,0,0,0,64,0,16,51,0
2005-02-06,0,0,0,0,0,47,37,0,0,0,0,0,0,0,0,0,0,0,27,0,33,31,0,0,0,0,0,38,0,19,0,0,50,32,0,0,0,0,0,0,0,0,51,0,0,0,0,0,0,0,0,0,0,0,0,52,0,16,65,0
2005-02-13,0,0,0,0,0,42,47,0,0,0,0,0,0,0,38,0,0,0,21,0,36,21,0,0,0,0,0,38,0,20,16,20,51,34,0,0,0,0,0,0,0,0,51,0,0,0,0,0,0,0,0,0,0,0,0,62,0,14,53,0
2005-02-20,0,0,0,0,0,53,51,0,0,0,0,0,0,0,0,0,0,0,30,0,39,24,0,0,0,0,0,47,0,0,0,22,39,36,0,0,0,0,0,0,0,0,51,0,0,0,0,0,0,0,0,0,0,0,0,43,0,24,50,0
2005-02-27,0,0,0,0,0,42,49,0,0,0,0,0,0,0,0,0,0,0,33,0,23,29,0,0,0,0,0,49,0,0,0,24,46,47,0,0,0,0,0,0,0,0,59,0,0,0,0,0,0,0,0,0,0,0,0,59,0,22,65,0
2005-03-06,0,0,0,0,0,72,59,0,0,0,0,0,0,0,0,0,0,39,47,0,20,20,0,0,0,0,0,0,0,0,0,24,49,26,0,0,0,0,0,0,0,0,60,0,0,0,0,0,0,0,0,0,0,0,0,42,0,20,50,0
2005-03-13,0,0,0,0,0,72,47,0,0,0,0,0,0,0,0,0,0,32,36,0,30,24,0,0,0,0,0,0,0,0,0,24,66,26,0,0,0,0,0,0,0,0,67,0,0,0,0,0,0,0,0,0,0,0,0,67,0,22,50,0
2005-03-20,0,0,0,0,0,37,46,0,0,0,0,0,0,0,0,0,0,32,36,0,30,28,0,0,0,0,0,0,0,0,0,21,54,27,0,0,0,0,0,0,0,0,68,0,0,0,0,0,0,0,0,0,0,0,0,73,0,22,35,0
2005-03-27,0,0,0,0,0,55,60,0,0,0,0,0,0,0,0,0,37,32,40,0,38,34,0,0,0,0,0,0,0,0,0,21,49,27,0,0,0,0,0,0,0,0,68,0,0,0,0,0,0,0,0,0,0,0,0,32,0,19,51,0
2005-04-03,0,0,0,0,0,46,46,0,0,0,0,0,0,0,0,0,32,32,47,0,32,23,0,0,0,0,0,0,0,0,0,21,55,32,0,0,0,0,0,0,0,0,53,0,0,0,0,0,0,0,0,0,0,0,0,32,0,19,37,0
2005-04-10,0,0,0,0,0,54,43,0,0,0,0,0,0,0,0,0,32,32,38,0,29,23,0,32,32,0,0,48,0,0,15,21,60,37,0,0,0,0,0,0,0,0,53,0,0,0,0,0,0,0,0,0,0,0,0,32,0,19,43,0
2005-04-17,0,0,0,0,0,57,25,0,0,0,0,0,0,0,0,0,34,35,42,0,28,29,19,0,0,32,0,45,0,0,17,21,52,25,0,0,0,0,0,0,0,0,53,0,0,0,0,0,0,0,0,0,0,0,0,34,0,21,74,0
2005-04-24,0,0,0,0,0,70,55,0,0,0,0,0,0,0,0,0,36,43,26,0,28,35,0,0,0,30,0,45,0,0,19,15,64,44,0,0,0,0,0,0,0,0,53,0,0,0,0,0,0,0,0,0,0,0,0,100,0,17,60,0
2005-05-01,0,0,0,0,0,48,30,0,0,0,0,0,0,0,0,0,0,30,31,0,33,39,0,0,0,30,0,45,0,0,16,15,38,32,0,0,0,0,0,0,0,0,53,0,0,0,0,0,0,0,0,0,0,0,0,64,0,20,64,0
2005-05-08,0,0,0,0,0,36,44,20,0,0,0,0,0,0,0,0,0,30,40,0,25,34,0,0,0,30,0,45,0,0,15,15,59,26,0,0,0,0,0,0,0,0,51,0,0,0,0,0,0,0,0,0,0,0,0,42,0,18,53,0
2005-05-15,0,0,0,0,0,52,44,0,0,0,39,0,0,0,0,0,0,32,30,0,30,32,0,0,0,30,0,30,0,14,15,14,65,23,0,0,0,0,0,0,0,0,42,0,0,0,0,0,0,0,0,0,0,0,0,38,0,21,43,0
2005-05-22,57,0,0,0,0,49,39,0,0,0,40,0,0,0,0,0,0,34,22,0,31,28,0,0,37,0,0,40,0,0,15,14,40,24,0,0,0,0,0,0,0,0,61,0,0,0,0,0,0,0,0,0,0,0,0,46,0,16,64,0
2005-05-29,0,0,0,0,0,67,48,0,0,0,0,0,0,0,0,0,0,31,41,0,21,36,0,0,62,0,0,34,0,0,15,16,36,25,0,0,0,0,0,0,0,0,57,0,0,0,0,0,0,0,0,0,0,0,0,43,0,22,55,0
2005-06-05,0,0,0,0,0,90,29,0,0,0,0,0,0,0,0,0,0,0,41,0,34,22,0,0,34,0,0,34,0,0,15,18,60,22,0,0,0,0,0,0,0,0,61,0,0,0,0,0,0,0,0,0,0,0,0,43,0,26,44,0
2005-06-12,0,0,0,0,0,48,33,0,0,0,0,0,0,0,39,0,0,0,39,0,30,21,0,0,54,0,0,35,0,0,15,18,49,26,0,0,0,0,0,0,0,0,64,0,0,0,0,0,0,0,0,0,0,0,0,43,0,26,47,0
2005-06-19,0,0,0,0,0,66,36,21,0,0,0,0,0,0,0,0,0,0,42,0,34,27,0,0,38,0,0,35,0,0,15,20,43,30,30,0,0,0,0,0,0,0,67,0,0,0,0,0,0,0,0,0,0,0,0,35,0,20,56,0
2005-06-26,0,0,0,0,0,43,32,19,0,0,0,0,0,0,0,0,0,0,38,0,34,34,0,0,37,0,0,46,0,0,16,22,51,27,21,0,0,0,0,0,0,0,62,0,0,0,0,0,0,0,0,0,0,0,0,57,0,20,47,0
2005-07-03,0,0,0,0,25,61,49,19,0,0,0,0,0,0,0,0,0,0,38,0,34,20,0,0,37,0,0,57,0,0,15,22,46,27,21,0,0,0,0,0,0,0,47,0,0,0,0,0,0,0,0,0,0,0,0,47,0,20,35,0
2005-07-10,0,0,0,0,0,81,45,19,0,0,0,0,0,0,0,0,41,41,25,0,32,30,0,32,39,0,0,41,0,0,15,23,57,48,21,0,0,0,0,0,0,0,45,0,0,0,0,0,0,0,0,0,0,0,0,31,0,29,44,0
2005-07-17,0,0,0,0,0,76,49,19,0,0,0,0,0,0,0,0,35,37,54,0,37,32,19,29,41,0,0,44,0,0,0,23,45,23,21,0,0,0,0,0,0,0,47,0,0,0,0,0,0,0,0,0,0,0,0,29,0,26,46,0
2005-07-24,0,0,0,0,0,48,48,19,0,0,0,0,0,0,0,0,35,37,49,0,23,31,0,29,32,29,0,46,0,0,0,23,39,23,19,0,0,0,0,0,0,0,49,0,0,0,0,0,0,0,0,0,0,0,0,46,0,32,53,0
2005-07-31,0,0,0,0,0,67,63,20,0,0,38,0,0,0,0,0,29,37,41,0,44,29,0,29,31,31,0,37,0,0,0,15,45,27,19,0,0,0,0,0,0,0,48,0,0,0,0,0,0,0,0,0,0,0,0,37,0,19,68,0
2005-08-07,0,0,0,0,0,49,53,20,0,0,40,0,0,0,0,0,29,37,29,0,29,18,0,29,34,34,0,37,0,0,0,15,60,48,19,0,0,0,0,0,0,0,48,0,0,0,0,0,0,0,0,0,0,0,0,46,0,21,48,0
2005-08-14,0,0,0,0,0,73,47,18,0,0,0,0,0,0,0,0,29,37,63,0,37,30,0,29,37,29,0,53,0,0,0,15,58,29,19,0,0,0,0,0,0,0,52,0,0,0,0,0,0,0,0,0,0,0,0,40,0,27,53,0
2005-08-21,0,0,0,0,0,42,29,0,0,0,0,0,0,0,0,0,29,37,35,0,22,58,0,26,40,29,0,32,0,0,0,15,54,21,0,0,0,0,0,0,0,0,57,0,0,0,0,0,0,0,0,0,0,0,0,31,0,17,45,0
2005-08-28,0,49,0,0,18,58,51,0,0,0,0,0,0,0,0,0,29,42,51,0,33,33,0,26,43,29,0,32,0,0,14,17,51,21,0,0,0,0,0,0,0,0,49,0,0,0,0,0,0,0,0,0,0,0,0,42,0,25,58,0
2005-09-04,48,0,0,0,17,50,40,0,0,0,0,0,0,0,0,0,29,26,50,0,36,48,17,26,47,31,0,29,0,0,13,16,47,22,0,0,0,0,0,0,0,0,54,0,0,0,0,0,0,59,0,0,0,0,0,49,0,20,49,0
2005-09-11,0,0,0,0,19,50,63,0,0,0,0,0,0,0,0,0,29,31,44,0,37,25,15,29,39,31,0,29,0,0,13,16,46,28,0,0,0,0,0,0,0,0,59,0,0,0,0,0,0,63,0,0,0,0,0,70,0,13,60,0
2005-09-18,0,0,0,0,18,58,46,0,0,0,0,0,35,0,0,0,26,47,52,0,32,30,15,31,34,29,0,47,0,0,22,16,62,27,0,0,0,0,0,0,0,0,37,0,0,0,0,0,0,66,0,0,0,0,0,52,0,20,62,0
2005-09-25,0,0,0,0,18,41,38,0,0,0,0,0,31,0,0,0,48,36,46,0,27,24,15,33,36,35,0,31,0,0,16,16,49,35,0,0,0,0,0,0,0,0,48,0,0,0,0,0,0,77,0,0,0,0,0,56,0,20,52,0
2005-10-02,0,0,0,0,18,65,36,0,0,0,37,0,31,0,38,0,28,28,40,0,29,43,15,36,39,41,0,33,0,0,14,11,60,44,22,0,0,0,0,0,0,0,58,0,0,0,0,0,0,70,0,0,0,0,0,81,0,28,54,0
2005-10-09,0,0,0,0,19,66,59,19,0,0,29,0,0,0,26,0,24,24,30,0,42,19,16,0,41,25,0,36,0,0,11,11,51,35,18,0,0,0,0,0,0,0,42,0,0,0,0,0,0,70,0,0,0,0,0,55,0,19,62,0
2005-10-16,0,0,0,0,19,47,50,16,0,0,0,0,0,0,26,0,38,34,53,0,62,29,16,0,43,25,0,29,0,0,16,14,39,29,18,0,0,0,0,0,0,0,42,0,0,0,0,0,0,70,0,0,0,0,0,69,0,23,45,0
2005-10-23,0,46,0,0,20,73,59,16,0,0,0,30,0,0,27,0,27,26,38,16,37,21,16,0,32,25,0,37,0,13,12,12,46,32,18,0,0,0,0,0,0,0,42,0,0,0,0,0,0,70,0,0,0,0,0,61,0,19,51,0
2005-10-30,57,50,0,0,20,72,55,19,0,0,0,32,0,0,29,0,28,26,32,0,50,31,17,0,28,29,0,43,0,0,18,12,59,26,21,0,0,0,0,0,0,0,43,0,0,0,0,0,0,70,0,0,0,0,0,33,0,23,44,0
2005-11-06,0,54,0,0,21,47,72,25,0,0,0,34,0,0,30,0,37,26,44,0,61,39,19,0,40,34,0,41,0,0,17,12,63,40,24,0,0,0,0,0,0,0,43,0,0,0,0,0,0,58,0,0,0,0,0,76,0,15,55,0
2005-11-13,0,57,0,0,21,46,39,27,0,0,0,37,37,0,31,0,26,26,45,0,34,40,21,33,51,33,0,41,0,0,14,12,67,37,27,0,0,0,0,0,0,0,45,0,0,0,0,0,0,58,0,0,0,0,0,33,0,30,58,0
2005-11-20,0,71,0,0,0,79,35,0,0,0,49,0,0,0,28,0,46,30,41,0,33,36,23,0,0,28,0,44,0,0,14,15,52,26,29,0,0,0,0,0,0,0,46,0,0,0,0,0,0,0,0,0,0,0,0,57,0,19,48,0
2005-11-27,0,52,0,0,0,36,62,0,0,0,0,0,0,0,28,0,31,28,35,0,34,32,0,0,0,28,0,48,0,0,16,16,59,20,32,0,0,0,0,0,0,0,41,0,0,0,0,0,0,0,0,0,0,0,0,56,0,16,47,0
2005-12-04,0,0,0,0,0,79,56,0,0,0,0,0,0,0,0,0,33,32,36,0,41,38,0,0,0,32,0,32,0,0,23,0,53,25,21,0,0,0,0,0,0,0,41,0,0,0,0,0,0,0,0,0,0,0,0,66,0,30,61,0
2005-12-11,0,0,0,0,0,51,49,0,0,0,0,0,0,0,0,0,35,0,42,0,36,34,0,0,0,0,0,0,0,0,20,0,53,28,27,0,0,0,0,0,0,0,0,0,0,0,0,0,0,0,0,0,0,0,0,72,0,25,58,0
2005-12-18,0,0,0,0,0,59,79,0,0,0,0,0,0,0,0,0,37,0,31,0,37,44,0,0,0,0,0,0,0,0,31,0,57,42,33,0,0,0,0,0,0,0,0,0,0,0,0,0,0,0,0,0,0,0,0,73,0,20,50,0
2005-12-25,0,0,0,0,0,61,50,0,0,0,0,0,0,0,0,0,37,0,20,0,33,30,0,0,0,0,0,0,0,0,20,0,73,29,40,0,0,0,0,0,0,0,0,0,0,0,0,0,0,0,0,0,0,0,0,60,0,22,58,0
2006-01-01,0,0,0,0,0,56,56,0,0,0,0,0,0,0,0,0,37,0,20,0,34,32,0,0,0,0,0,0,0,17,20,0,67,29,41,0,0,0,0,0,0,0,0,0,0,0,0,0,0,76,0,0,0,0,0,47,0,24,74,0
2006-01-08,0,0,0,0,0,64,40,0,0,0,0,0,0,0,27,0,37,0,35,0,39,42,0,27,25,0,0,0,0,16,20,0,65,41,25,0,0,0,0,0,0,0,0,0,0,0,0,0,0,64,0,0,0,0,0,62,0,19,63,0
2006-01-15,55,64,0,0,20,87,61,0,16,0,29,0,0,0,23,0,42,24,57,0,47,28,0,34,42,0,0,42,0,16,20,0,82,51,25,0,0,0,0,0,0,0,45,0,0,0,0,0,0,64,0,0,0,0,0,49,0,25,66,0
2006-01-22,0,100,0,0,17,66,53,17,0,0,32,28,0,0,23,0,28,35,27,17,41,34,0,30,37,23,0,40,0,14,16,17,71,27,22,0,0,0,0,0,0,0,69,0,0,0,0,0,0,64,0,0,0,0,0,44,0,32,56,0
2006-01-29,0,42,0,0,15,69,43,20,0,0,34,30,33,0,27,0,23,27,36,0,42,36,0,23,34,25,0,41,0,11,15,14,57,38,24,0,0,0,0,0,0,0,61,0,0,0,0,0,0,64,0,0,0,0,0,54,0,26,49,0
2006-02-05,0,57,0,0,14,73,77,17,0,0,36,28,29,0,30,0,30,35,42,0,49,35,0,30,45,28,0,48,0,10,15,13,77,47,27,0,0,0,0,0,0,0,34,0,0,0,0,0,0,64,0,0,0,0,0,45,0,30,73,0
2006-02-12,0,61,0,0,14,67,54,16,0,0,39,28,0,0,33,0,30,30,33,0,32,36,0,30,36,21,0,30,0,11,12,12,79,35,20,0,0,0,0,0,0,0,51,0,0,0,0,0,0,72,0,0,0,0,0,57,0,25,64,0
2006-02-19,0,65,0,0,14,57,45,19,0,0,0,29,0,0,37,0,20,30,32,0,38,22,0,30,35,26,0,37,0,11,10,10,65,30,0,0,0,0,0,0,0,0,58,0,0,0,0,0,0,79,0,0,0,0,0,47,0,22,55,0
2006-02-26,48,53,0,0,16,55,63,15,0,0,0,31,0,0,28,0,20,33,41,0,45,28,14,33,35,33,0,26,0,10,18,10,57,27,0,0,0,0,0,0,0,0,53,0,0,0,0,0,0,51,0,0,0,0,0,58,0,19,46,0
2006-03-05,53,42,0,0,17,71,63,15,0,0,0,33,0,0,26,0,20,36,21,0,27,31,15,26,36,24,0,41,0,10,15,10,59,28,0,0,0,0,0,0,0,0,38,0,0,0,0,0,0,51,0,0,0,0,0,49,0,16,45,0
2006-03-12,44,50,0,0,19,51,47,15,0,0,0,35,0,0,26,0,24,38,30,0,31,27,16,26,36,26,0,30,0,9,13,9,59,20,0,0,0,0,0,0,0,0,69,0,0,0,0,0,0,51,0,0,0,0,0,50,0,28,40,0
2006-03-19,44,58,0,0,14,87,52,19,19,0,0,38,0,0,23,0,27,31,38,0,35,32,17,21,45,27,0,45,0,10,11,11,70,19,0,0,0,0,0,0,0,0,57,0,0,0,0,0,0,51,0,0,0,0,0,44,0,26,63,0
2006-03-26,44,50,0,0,14,63,45,18,17,0,35,0,0,0,23,0,31,39,38,0,40,38,19,21,35,27,0,39,0,10,13,13,73,36,16,0,0,0,32,0,0,0,49,0,0,0,0,0,0,52,0,0,0,0,0,55,0,25,53,0
2006-04-02,44,48,0,0,14,70,59,19,17,0,31,0,0,0,23,0,45,34,36,0,45,36,20,21,30,28,0,28,0,11,14,10,72,26,17,0,0,0,0,0,0,0,39,0,0,0,0,0,0,55,0,0,0,0,0,30,0,20,58,0
2006-04-09,44,44,0,0,17,80,61,27,0,0,31,0,0,0,23,0,28,26,31,0,29,36,22,22,35,28,0,42,0,0,19,10,57,25,18,0,0,0,0,0,0,0,49,0,0,0,0,0,0,59,0,0,0,0,0,53,0,28,60,0
2006-04-16,38,44,0,0,19,76,71,17,0,0,34,0,0,0,21,0,50,26,23,0,22,34,23,22,37,28,0,41,0,0,16,10,47,38,19,0,0,0,0,0,0,0,58,0,0,0,0,0,0,65,0,0,0,0,0,82,0,13,57,0
2006-04-23,38,44,0,0,15,66,55,17,0,0,30,0,33,0,21,0,23,60,40,0,36,28,18,23,25,28,0,37,0,0,15,11,65,30,17,0,0,0,0,0,0,0,32,0,0,0,0,0,0,66,0,0,0,0,0,71,0,29,53,0
2006-04-30,38,45,0,0,29,49,67,17,0,0,31,0,29,0,21,0,23,52,38,16,36,23,14,24,38,23,0,35,0,0,19,11,58,36,21,0,0,0,0,0,0,0,38,0,0,0,0,0,0,67,0,0,0,0,0,52,0,23,59,0
2006-05-07,38,45,0,0,14,72,41,17,0,0,31,0,29,0,20,0,37,28,43,11,33,35,14,25,37,26,0,22,0,0,16,12,71,27,16,0,0,0,0,0,0,0,34,0,0,0,0,0,0,42,0,0,24,0,0,46,0,18,55,0
2006-05-14,40,45,0,0,18,68,53,15,0,0,31,33,27,0,18,0,34,27,40,0,36,35,14,26,29,25,0,40,0,0,12,13,56,30,15,0,0,0,0,0,0,0,47,0,0,0,0,0,0,63,0,0,0,0,0,49,0,37,71,0
2006-05-21,42,46,0,0,20,66,43,16,0,0,33,27,27,0,19,0,34,25,39,0,35,44,14,25,32,25,0,32,0,9,15,10,71,26,16,0,0,0,0,0,0,0,43,0,0,0,0,0,0,0,0,0,0,0,0,66,0,36,52,0
2006-05-28,0,41,0,0,21,62,44,14,0,0,35,28,25,0,20,0,33,26,40,0,33,46,14,25,35,21,0,21,0,9,9,10,51,33,22,0,0,0,0,0,0,0,52,0,0,0,0,0,0,0,0,0,0,0,0,46,0,26,38,0
2006-06-04,0,41,0,0,22,50,39,13,0,0,35,28,27,0,20,0,30,28,32,0,28,34,16,20,49,26,0,39,0,9,15,11,65,14,22,0,0,0,0,0,0,0,39,0,0,0,0,0,0,0,0,0,0,0,0,64,0,32,53,0
2006-06-11,0,41,0,0,23,69,47,19,0,0,33,26,28,0,21,0,30,30,44,0,37,26,19,22,34,26,0,38,0,0,13,11,50,35,22,0,0,0,0,0,0,0,30,0,0,0,0,0,0,0,0,0,0,0,0,49,0,31,50,0
2006-06-18,0,41,0,0,23,62,50,24,0,0,33,26,31,0,22,0,22,32,35,0,40,36,17,24,26,26,0,36,0,0,19,12,71,25,16,0,0,0,0,0,0,0,48,0,0,0,0,0,0,0,0,0,0,0,0,58,0,32,55,0
2006-06-25,0,0,0,0,17,74,40,16,0,0,33,0,33,0,22,0,25,28,49,0,37,36,17,28,34,28,0,30,0,0,12,14,59,26,17,0,0,0,0,0,0,0,36,0,0,0,0,0,0,0,0,0,0,0,0,46,0,26,59,0
2006-07-02,0,0,0,0,19,66,56,15,0,0,23,0,0,0,22,0,41,27,26,0,29,37,14,27,46,23,0,22,0,0,21,15,51,28,22,0,0,0,0,0,0,0,35,0,0,0,0,0,0,0,0,0,0,0,0,61,0,28,56,0
2006-07-09,0,0,0,0,13,93,56,19,0,0,23,0,0,0,21,0,36,30,40,0,37,39,14,27,57,23,0,38,0,0,10,9,71,29,18,0,0,0,0,0,0,0,39,0,0,0,0,0,0,56,0,0,0,0,0,66,0,26,56,0
2006-07-16,0,0,0,0,19,69,57,14,15,0,32,0,0,0,22,0,32,41,45,11,36,50,14,18,53,27,0,37,0,0,22,12,55,22,18,0,0,0,0,0,0,0,43,0,0,0,0,0,0,53,0,0,0,0,0,48,0,22,54,0
2006-07-23,33,0,0,0,22,57,49,11,0,0,27,0,0,21,23,0,46,32,37,12,25,35,17,30,32,19,0,35,0,0,16,10,61,28,22,0,0,0,0,0,0,0,50,0,0,0,0,0,0,72,0,0,0,0,0,49,0,27,49,7
2006-07-30,32,44,0,0,14,81,56,11,0,0,27,0,0,0,17,0,32,34,38,14,46,28,14,21,53,19,0,29,0,9,9,10,58,22,20,0,0,0,0,0,0,0,51,0,0,0,0,0,0,41,0,0,0,0,0,37,0,30,67,0
2006-08-06,46,48,0,0,20,76,53,17,0,0,19,0,26,0,16,0,40,31,33,15,46,41,14,21,44,26,0,24,0,9,10,10,57,25,13,0,0,0,0,0,70,0,42,0,0,0,0,0,0,41,0,0,0,0,0,62,0,27,57,0
2006-08-13,61,51,0,0,21,84,53,24,0,0,19,21,27,0,16,0,24,23,40,12,52,36,11,21,34,23,0,23,0,9,11,10,70,30,15,0,0,0,0,0,100,0,46,0,0,0,0,37,0,41,0,0,0,0,0,45,0,25,60,0
2006-08-20,39,31,0,0,14,62,64,17,0,0,21,21,23,0,24,0,34,29,44,10,25,28,10,16,40,29,0,37,0,9,13,8,66,28,17,0,0,0,0,0,41,0,50,0,0,0,0,0,0,55,0,0,0,0,0,40,0,22,56,0
2006-08-27,31,31,0,0,19,79,49,11,0,0,24,23,23,0,27,0,26,30,41,10,50,23,12,28,31,23,0,46,0,9,16,8,63,28,18,0,0,0,0,0,52,0,28,0,0,0,0,0,0,41,0,0,0,0,0,54,0,28,62,0
2006-09-03,0,43,0,0,21,64,57,14,11,0,47,25,23,0,29,0,26,28,31,11,49,31,12,20,47,16,0,36,0,8,10,11,62,27,20,0,0,0,0,0,59,0,53,0,0,0,0,0,0,48,0,0,0,0,0,55,0,27,53,0
2006-09-10,0,43,0,0,16,62,49,18,11,0,44,23,23,0,25,0,38,25,41,11,52,36,13,21,33,21,0,44,0,9,20,8,67,30,15,0,0,0,0,0,33,0,34,0,0,0,0,0,0,58,0,0,0,0,0,49,0,36,61,0
2006-09-17,0,43,0,0,14,56,52,23,0,0,26,36,22,0,25,0,21,35,30,13,34,37,15,21,38,25,0,48,0,10,13,8,69,42,20,0,0,0,0,0,44,0,35,0,0,0,0,0,0,49,0,0,0,0,0,36,0,34,59,0
2006-09-24,0,43,0,0,13,63,44,18,0,0,32,28,23,0,25,0,26,37,39,14,37,41,16,21,29,29,0,24,0,11,15,9,50,35,25,0,0,0,0,0,30,0,52,0,0,0,0,0,0,66,0,0,0,0,0,42,0,25,57,8
2006-10-01,0,43,0,0,12,66,39,20,0,0,31,19,24,0,18,0,30,22,33,9,34,33,10,19,21,19,0,24,0,12,17,10,70,29,18,0,0,0,0,0,40,0,29,0,0,0,0,0,0,37,0,0,0,0,0,48,0,19,61,8
2006-10-08,29,43,0,0,12,79,52,10,0,0,31,25,25,0,20,0,42,15,37,9,37,31,9,18,37,18,0,35,0,13,20,12,56,29,18,0,0,0,0,0,32,0,33,0,0,0,0,39,0,53,0,0,0,0,0,77,0,26,56,8
2006-10-15,27,33,0,0,19,62,44,16,0,0,26,30,26,0,22,0,39,28,48,9,38,40,9,18,26,20,0,38,0,8,11,13,71,46,14,11,0,0,0,0,37,0,31,0,0,0,0,34,0,43,0,0,0,0,0,44,0,34,39,8
2006-10-22,0,41,0,0,11,66,41,21,0,0,26,19,28,0,24,0,35,31,40,13,37,37,9,25,30,23,0,17,0,10,17,9,70,32,12,0,0,0,0,0,26,0,31,0,0,0,0,34,0,72,0,0,0,0,0,50,0,31,52,8
2006-10-29,0,28,0,0,13,69,57,19,0,20,29,18,29,0,25,0,15,30,44,15,48,41,15,15,30,26,0,36,0,12,13,11,67,22,14,0,0,0,0,0,26,0,47,0,0,0,0,34,0,62,0,0,0,0,0,59,0,32,50,7
2006-11-05,0,28,0,0,14,75,62,19,10,0,33,20,22,0,26,0,21,27,37,12,39,38,11,24,32,26,0,27,0,7,13,11,73,25,12,0,0,0,0,0,27,0,43,0,0,0,0,45,0,45,0,0,0,0,0,45,0,27,55,7
2006-11-12,0,53,0,0,14,64,49,18,11,0,25,27,22,0,25,0,30,29,33,10,38,39,11,20,30,26,0,38,0,7,14,11,74,38,12,0,0,0,0,0,28,0,30,0,0,0,0,0,0,58,0,0,0,0,0,57,0,28,48,0
2006-11-19,0,41,0,0,13,72,52,16,13,0,26,23,19,0,25,0,48,31,36,11,50,41,14,20,23,25,0,28,0,8,12,11,55,39,12,0,0,0,0,0,30,0,31,0,0,0,0,0,0,61,0,0,0,0,0,50,0,25,60,0
2006-11-26,0,43,0,0,13,51,61,24,12,0,25,27,29,0,18,0,55,23,39,12,42,29,20,20,18,29,0,23,0,8,18,9,68,29,20,0,0,0,0,0,36,0,30,0,0,0,0,0,0,56,0,0,0,0,0,58,0,25,56,0
2006-12-03,0,31,0,0,14,68,47,25,14,0,24,21,20,0,23,0,28,35,48,11,35,39,14,20,38,27,0,33,0,8,19,9,64,28,20,0,0,0,0,0,29,0,33,0,0,0,0,0,0,65,0,0,0,0,0,56,0,28,55,0
2006-12-10,0,35,0,0,14,76,54,16,15,0,27,21,21,0,17,0,37,26,34,14,37,25,20,28,40,27,0,47,0,12,17,8,64,24,21,0,0,0,0,0,29,0,33,0,0,0,0,0,0,48,0,0,0,0,0,71,0,36,45,0
2006-12-17,39,39,0,0,14,60,52,28,17,0,38,23,25,0,23,0,38,36,50,16,36,31,14,21,35,27,0,33,0,9,12,8,76,23,21,0,0,0,0,0,29,0,33,0,0,0,0,0,0,57,0,0,0,0,0,60,0,20,63,0
2006-12-24,47,43,0,0,15,57,62,17,18,0,38,26,19,0,24,0,38,34,42,19,25,34,14,17,35,29,0,48,0,9,16,8,78,25,21,0,0,0,0,0,29,0,36,0,0,0,0,0,0,58,0,0,0,0,0,38,0,24,53,0
2006-12-31,55,47,0,0,15,74,44,17,20,0,26,28,19,0,25,0,23,34,34,13,23,25,14,17,36,32,0,36,0,9,14,8,83,21,21,0,0,0,0,0,29,0,39,0,0,0,0,0,0,58,0,0,0,0,0,63,0,30,48,0
2007-01-07,29,37,0,0,15,70,62,19,10,0,26,26,19,0,16,0,27,21,45,19,46,33,11,17,29,23,0,37,0,9,17,8,80,24,13,0,0,0,0,0,29,0,42,0,0,0,0,0,0,59,0,0,0,0,0,38,7,31,46,6
2007-01-14,46,54,28,0,17,92,60,20,9,0,30,27,27,0,17,0,30,36,38,10,30,37,10,19,23,30,0,30,0,6,17,9,66,40,17,0,0,0,0,0,31,0,55,0,0,0,0,0,0,47,0,0,0,0,0,55,0,20,43,6
2007-01-21,25,66,30,0,18,81,59,22,12,0,21,23,21,0,14,0,43,37,39,10,31,41,15,20,35,31,0,34,0,9,13,10,66,36,15,0,0,0,0,0,32,0,44,0,0,0,0,0,0,46,0,0,0,0,0,71,0,25,41,6
2007-01-28,33,33,31,0,13,76,49,18,13,0,39,16,19,0,13,0,27,31,31,13,38,49,15,15,43,22,0,39,0,8,8,6,74,28,21,0,0,0,0,0,36,0,34,0,0,0,0,0,0,37,0,0,17,0,0,41,0,26,52,7
2007-02-04,37,51,32,0,21,57,50,21,9,0,29,19,19,0,15,0,28,27,37,12,36,36,12,22,44,26,0,36,0,7,8,6,69,36,14,0,0,0,0,0,20,0,26,0,0,0,0,0,0,38,0,0,0,0,0,58,0,32,47,7
2007-02-11,40,48,33,0,14,64,70,22,9,0,34,23,17,0,22,0,37,27,31,9,28,36,12,28,29,17,0,38,0,7,14,8,60,36,12,0,0,0,0,0,28,0,23,0,0,0,0,0,0,47,0,0,0,0,0,52,0,23,57,5
2007-02-18,23,32,34,0,12,64,49,19,9,0,27,24,25,13,25,0,28,28,30,8,39,45,13,20,32,29,0,29,0,9,10,8,57,33,12,0,0,0,0,0,23,0,28,0,0,0,0,0,0,31,0,0,0,0,0,65,0,23,61,5
2007-02-25,23,63,0,0,8,66,56,18,13,0,25,31,16,0,14,0,24,26,32,9,34,28,7,22,26,16,0,29,0,11,13,9,66,22,12,9,0,0,0,0,27,0,39,0,0,0,0,0,0,34,31,0,0,0,0,51,0,31,51,5
2007-03-04,22,25,0,0,18,64,61,19,8,0,29,20,20,0,13,0,34,28,45,8,23,37,9,18,38,18,0,33,0,6,15,6,58,25,14,9,0,0,0,0,23,0,21,0,0,0,0,36,0,36,0,0,0,0,0,41,0,30,53,5
2007-03-11,22,36,0,0,10,67,48,22,10,14,34,20,21,0,15,0,21,37,34,8,32,37,11,17,38,25,0,26,0,7,13,6,66,31,10,0,0,0,0,0,23,0,52,0,0,0,0,29,0,41,0,0,0,0,0,39,0,25,59,5
2007-03-18,32,44,0,0,13,78,47,14,10,14,25,20,22,0,16,0,24,31,35,9,33,35,10,21,24,26,0,35,0,9,10,6,62,27,24,0,0,0,0,0,23,0,33,0,0,0,0,29,0,54,0,0,0,0,0,43,0,38,43,5
2007-03-25,30,30,0,0,18,55,55,20,10,14,20,18,26,0,20,0,26,24,29,11,31,36,9,16,33,33,0,47,0,10,15,8,60,28,9,0,0,0,0,0,22,0,41,0,0,0,0,29,0,52,0,0,0,0,0,41,0,25,52,5
2007-04-01,30,39,0,0,15,50,50,21,10,14,34,23,23,0,15,0,38,18,36,15,28,44,12,31,30,34,0,38,0,15,17,9,61,20,22,0,0,0,0,0,28,0,42,0,0,0,0,41,0,54,0,0,0,0,0,40,0,31,56,6
2007-04-08,35,40,0,0,17,59,52,28,10,14,29,19,21,31,13,0,51,31,32,10,41,30,12,15,27,23,0,27,0,11,13,10,74,33,20,0,0,0,0,0,22,0,38,0,0,0,0,31,0,55,31,0,15,0,0,55,0,23,55,6
2007-04-15,27,28,23,0,11,62,51,32,11,14,41,22,23,14,25,0,33,27,44,8,36,29,12,17,25,22,0,32,0,5,13,7,69,21,24,0,0,0,0,0,22,0,21,16,0,0,0,31,0,49,0,0,11,0,0,63,0,24,55,7
2007-04-22,27,51,24,0,10,71,56,21,12,0,37,22,20,13,21,0,52,22,46,11,34,27,9,23,22,31,0,40,0,9,15,8,58,28,18,0,0,0,0,0,26,0,33,16,0,0,0,30,0,71,0,0,0,0,0,36,0,25,61,5
2007-04-29,24,34,25,0,11,58,66,17,10,0,30,23,33,13,19,0,29,38,35,11,34,29,10,20,25,25,0,38,0,6,17,10,53,24,14,0,0,0,0,0,19,0,37,16,0,0,0,30,0,47,0,0,0,0,0,45,0,20,51,5
2007-05-06,25,25,26,0,13,62,60,15,7,0,31,26,24,10,20,0,29,19,32,12,25,30,13,20,23,26,0,26,0,8,14,11,56,24,11,0,0,0,0,0,19,0,15,16,0,0,0,43,0,45,0,0,0,0,0,42,0,27,61,5
2007-05-13,36,29,27,0,16,68,56,22,12,0,49,23,16,11,22,0,28,29,35,10,35,34,10,16,22,25,0,37,0,8,9,7,66,25,12,0,0,0,0,0,19,0,27,14,0,0,0,26,0,37,0,0,0,0,0,29,0,28,57,6
2007-05-20,46,42,28,0,12,66,51,27,13,0,50,20,24,12,16,0,28,20,44,10,29,31,9,13,39,24,0,34,0,8,12,5,54,23,11,0,0,0,0,0,20,0,24,17,0,0,0,32,0,24,0,0,0,0,0,43,5,26,55,6
2007-05-27,25,37,29,0,13,59,52,22,10,0,43,16,16,12,20,0,39,22,39,6,26,30,11,13,24,20,0,46,0,6,18,5,74,28,16,0,0,0,0,0,21,0,30,15,0,0,0,38,0,43,0,0,0,0,0,34,0,29,47,5
2007-06-03,21,47,25,0,13,57,53,24,13,0,34,20,21,12,15,0,43,20,29,8,35,38,9,14,31,25,0,33,0,11,16,6,72,34,22,0,0,0,0,0,21,0,44,15,0,0,0,52,0,52,0,0,11,0,0,45,0,26,57,5
2007-06-10,43,27,25,0,15,85,63,20,8,19,26,17,16,12,22,0,24,29,39,13,32,41,11,21,40,19,0,24,0,7,13,10,58,26,13,0,0,0,0,0,21,19,44,20,0,0,0,48,0,55,0,0,12,0,0,49,0,24,48,7
2007-06-17,25,29,19,0,18,77,61,31,9,16,37,20,16,16,18,0,37,20,39,8,39,36,12,17,33,18,0,35,0,8,14,13,63,25,12,0,0,0,0,0,27,0,40,17,0,0,0,32,0,57,0,0,13,0,0,50,0,30,58,10
2007-06-24,25,50,19,0,14,66,61,25,8,0,35,25,16,11,19,0,40,26,29,7,41,28,9,20,31,18,0,32,0,9,12,10,63,22,18,0,0,0,0,0,33,0,28,17,0,0,0,31,0,61,0,0,14,0,0,49,0,27,56,5
2007-07-01,23,30,19,0,23,85,59,24,10,0,48,26,16,11,17,0,29,25,33,12,31,35,12,17,37,18,0,37,0,5,10,5,64,21,19,0,0,0,0,0,27,0,46,16,0,0,0,57,0,65,0,0,15,0,0,48,0,25,56,5
2007-07-08,35,31,19,0,23,80,51,15,11,0,30,29,20,12,12,0,24,39,40,10,36,32,11,15,36,11,0,28,0,8,15,5,69,24,20,8,0,0,0,0,36,0,34,15,0,0,0,57,0,100,0,0,0,0,0,50,0,23,54,5
2007-07-15,36,36,19,0,18,68,53,17,12,0,33,29,24,10,15,0,29,38,38,9,38,46,17,18,37,24,0,33,0,11,14,5,65,23,16,9,0,0,16,0,46,0,33,20,0,0,0,77,0,49,0,0,0,0,0,47,0,27,67,5
2007-07-22,37,36,19,0,16,67,59,22,15,0,32,27,17,10,18,0,34,39,44,14,34,34,14,18,56,20,0,39,0,5,16,5,64,25,18,0,0,0,0,0,38,0,38,15,0,0,0,50,0,43,0,0,0,0,0,62,0,29,61,5
2007-07-29,23,37,19,0,21,68,42,22,14,12,26,33,17,10,20,0,48,28,43,7,34,37,15,20,54,20,0,28,0,6,10,8,77,33,14,0,0,0,0,0,23,0,45,22,0,0,0,54,0,33,0,0,0,0,0,36,0,24,58,7
2007-08-05,18,29,0,0,12,68,64,15,12,11,29,26,19,13,21,0,37,24,47,8,38,38,10,23,32,23,0,44,0,7,16,7,68,25,26,0,0,0,0,0,40,0,45,19,0,0,0,94,0,47,0,0,0,0,0,43,0,28,59,7
2007-08-12,18,29,0,0,11,64,52,17,12,11,34,20,22,10,24,0,37,28,28,11,27,26,17,18,26,18,0,33,0,9,14,7,84,35,12,0,0,0,0,0,43,0,31,25,0,0,0,68,0,53,0,0,0,0,0,54,0,26,55,7
2007-08-19,17,26,0,0,15,58,44,19,11,11,23,17,12,10,17,0,37,31,47,14,44,30,11,23,24,21,0,45,0,11,13,6,74,23,13,0,0,0,0,0,18,0,33,20,0,0,0,51,0,51,0,0,0,0,0,56,0,22,69,7
2007-08-26,21,35,0,0,13,65,60,12,13,11,32,15,15,16,15,0,36,25,36,11,41,31,9,13,26,21,0,34,0,7,14,6,72,20,16,7,0,0,0,0,30,15,40,20,0,0,0,45,0,39,0,0,0,0,11,49,0,25,57,5
2007-09-02,24,34,0,0,14,67,52,22,8,13,34,26,20,10,18,0,38,27,36,6,42,36,7,15,23,22,0,29,0,10,13,8,79,22,13,0,0,0,0,0,17,0,30,16,0,0,0,31,0,47,0,0,11,0,0,55,0,28,73,10
2007-09-09,26,22,0,0,21,61,60,14,10,14,26,22,20,12,18,0,38,31,44,7,34,33,12,19,28,20,0,32,0,6,12,8,71,20,15,0,0,0,0,0,17,0,41,14,0,0,0,57,0,44,21,0,10,0,0,59,0,25,62,5
2007-09-16,24,27,18,0,20,62,57,26,9,12,30,22,27,14,26,0,35,32,36,12,43,47,13,17,31,29,0,34,0,10,16,9,78,22,14,0,0,0,0,0,28,0,33,14,0,0,0,33,0,69,24,0,10,0,0,52,0,32,67,7
2007-09-23,26,36,21,0,16,51,62,17,10,11,32,25,27,14,30,0,42,37,27,14,54,34,13,12,34,38,0,39,0,8,13,9,66,21,16,0,0,0,0,0,19,0,34,17,0,0,0,44,0,47,25,0,9,0,0,68,0,28,64,6
2007-09-30,24,26,24,0,9,58,52,18,11,11,33,24,21,14,19,0,37,38,33,7,44,32,10,17,28,23,0,35,0,10,13,6,70,22,16,0,0,0,0,0,20,0,32,19,0,0,0,38,0,51,20,0,9,0,0,46,0,25,52,4
2007-10-07,17,36,17,0,18,65,56,22,10,11,31,13,23,10,16,0,41,32,30,8,43,44,10,23,30,24,0,29,0,10,16,6,74,24,13,0,0,0,0,0,22,0,23,22,0,0,0,54,0,44,20,0,0,0,0,49,4,33,56,7
2007-10-14,17,29,17,0,17,74,45,18,11,11,26,14,20,12,15,0,100,23,29,13,41,43,14,16,26,27,0,28,0,7,19,8,60,26,15,0,0,0,0,0,20,0,26,14,0,0,0,52,0,46,20,0,0,0,0,48,0,36,50,4
2007-10-21,32,24,17,0,16,58,66,20,10,11,30,20,26,14,16,0,48,21,32,9,51,42,11,16,32,25,0,35,0,7,19,6,68,23,18,0,0,0,0,0,23,0,59,14,0,0,0,46,0,42,20,0,0,0,12,49,0,37,62,4
2007-10-28,26,29,18,0,11,56,50,17,12,12,20,18,22,12,19,0,60,22,44,9,42,41,11,18,25,28,0,38,0,9,11,9,66,25,7,0,0,0,0,0,19,0,32,13,0,0,0,32,0,54,20,0,0,0,9,39,0,31,59,6
2007-11-04,24,19,20,0,11,79,57,17,13,13,27,36,13,12,23,0,57,23,47,9,53,42,8,19,23,24,0,37,0,12,15,10,75,36,11,0,0,0,0,0,20,0,33,13,0,0,0,41,0,60,23,0,0,0,9,58,0,30,60,5
2007-11-11,30,20,21,0,14,61,64,16,20,14,36,17,21,10,21,0,56,41,42,6,39,39,13,19,21,28,8,30,0,11,13,5,63,25,14,7,0,0,0,0,20,14,39,13,0,0,0,39,0,48,26,0,0,0,9,44,0,28,59,4
2007-11-18,35,22,17,0,11,68,51,24,18,10,36,10,14,10,15,0,51,35,38,6,48,38,12,13,21,16,0,43,0,8,15,6,63,26,13,0,0,0,14,0,16,14,28,13,0,0,0,37,0,35,29,0,0,0,0,53,3,30,57,4
2007-11-25,26,26,17,0,12,67,61,15,12,17,33,18,19,10,15,0,53,39,37,7,46,34,15,26,30,23,0,38,0,7,12,8,72,19,11,0,0,0,15,0,18,0,24,13,0,0,0,40,0,38,33,0,0,0,0,65,4,28,57,6
2007-12-02,24,26,0,0,13,58,64,21,13,17,29,11,18,10,14,0,48,27,40,10,33,39,10,15,26,15,0,23,0,7,14,6,72,28,17,0,0,0,16,0,16,0,37,13,0,0,0,38,0,60,36,0,0,0,0,64,4,24,56,7
2007-12-09,23,27,0,0,13,70,60,19,14,18,41,13,25,0,14,0,39,34,32,12,36,37,11,22,27,33,0,25,0,9,18,7,67,21,12,0,0,0,0,0,18,0,24,14,0,0,0,38,0,54,23,0,0,0,0,68,4,26,65,5
2007-12-16,23,27,0,0,8,65,47,23,18,18,34,21,24,0,20,0,55,25,34,9,41,34,11,20,24,32,0,27,0,13,15,8,63,28,14,0,0,0,0,0,20,0,28,15,0,0,0,46,0,91,23,0,0,0,0,67,3,36,60,6
2007-12-23,21,28,0,0,23,67,61,23,16,13,48,23,24,0,27,0,27,40,31,10,31,27,10,27,21,25,0,28,0,11,21,8,53,28,16,0,0,0,0,0,22,0,46,16,0,0,0,43,0,61,23,0,0,0,0,72,3,24,70,8
2007-12-30,21,28,0,0,12,76,52,15,16,13,28,25,24,0,21,0,57,37,42,11,36,36,10,22,22,29,0,32,0,8,22,8,67,29,15,0,0,0,0,0,24,0,31,17,0,0,0,38,0,63,23,0,0,0,0,55,3,30,55,8
2008-01-06,21,24,18,0,16,68,49,30,13,13,43,23,24,0,16,0,50,48,27,13,42,50,9,15,34,33,9,33,0,8,16,86,83,41,19,0,0,0,0,0,26,0,44,18,0,0,0,37,0,47,23,0,0,0,0,60,3,36,61,3
2008-01-13,23,29,18,0,20,82,79,28,16,13,28,27,29,11,19,0,47,35,32,11,41,54,11,17,37,26,7,37,0,9,14,78,75,28,15,0,0,0,16,0,25,0,38,28,0,0,0,28,0,47,39,0,0,0,0,69,3,38,67,7
2008-01-20,21,29,18,0,21,65,78,23,8,9,32,19,21,12,14,0,49,23,29,12,54,43,12,14,21,22,7,36,0,9,18,37,68,22,19,0,0,0,17,0,27,12,27,18,0,0,0,25,0,41,23,0,0,0,0,59,4,26,49,4
2008-01-27,31,32,19,0,16,62,67,24,14,10,24,15,17,14,18,0,49,23,33,9,41,43,19,18,22,23,7,38,0,11,12,23,67,25,14,0,0,0,19,0,23,13,19,17,0,0,0,25,0,48,23,0,0,0,0,55,4,33,64,5
2008-02-03,16,22,16,0,14,64,53,12,13,10,27,19,13,11,19,0,45,29,36,6,41,33,8,15,22,18,7,32,0,6,14,17,65,24,14,0,0,0,12,0,18,13,29,15,0,0,0,19,0,61,23,0,8,0,0,65,4,32,61,5
2008-02-10,19,26,16,0,8,62,66,17,14,10,34,15,13,11,13,0,52,21,36,9,49,43,14,13,26,17,7,38,0,9,16,18,64,31,21,0,0,0,12,0,20,12,19,21,0,0,0,20,0,44,17,0,8,0,7,43,3,36,69,3
2008-02-17,23,21,13,0,11,67,54,19,9,10,24,18,16,12,12,0,62,35,30,10,36,31,8,14,20,15,8,30,0,7,17,15,63,22,14,7,0,0,12,0,22,13,30,27,0,0,0,26,0,50,20,0,7,0,7,47,3,28,47,5
2008-02-24,30,21,15,0,13,56,57,25,6,10,28,21,16,10,21,0,45,32,43,7,38,35,9,23,22,17,8,32,0,8,15,12,65,24,12,7,0,0,12,0,16,15,26,19,0,0,0,22,0,50,23,0,8,0,7,37,3,31,59,5
2008-03-02,17,19,16,0,9,62,60,17,14,10,23,21,22,13,19,0,43,27,40,9,37,36,12,12,22,20,8,27,0,9,23,10,66,23,11,7,0,0,16,0,16,12,20,16,0,0,0,21,0,48,20,0,9,0,8,57,3,27,54,5
2008-03-09,23,31,23,0,20,66,54,20,10,11,27,16,18,9,13,0,55,34,35,8,36,42,8,12,23,28,7,31,0,5,16,6,65,19,11,6,0,0,17,0,15,12,16,13,0,0,0,29,0,45,28,0,0,7,9,55,3,32,55,3
2008-03-16,24,26,21,0,6,56,48,17,6,13,22,22,19,15,11,0,50,34,43,6,37,31,8,19,38,18,8,36,0,10,13,7,69,31,16,5,0,0,17,0,20,12,37,19,0,0,0,19,0,47,22,0,0,0,8,51,3,33,61,6
2008-03-23,26,31,15,0,12,66,63,19,12,15,26,21,23,18,19,9,47,29,40,13,43,39,7,17,18,31,9,37,0,8,19,17,69,23,13,5,0,0,18,0,16,12,38,22,0,0,0,19,0,38,22,0,0,0,8,58,3,30,57,7
2008-03-30,27,20,15,0,14,53,52,20,11,9,24,28,15,10,13,0,51,30,33,5,31,35,8,17,12,22,10,30,0,10,18,9,71,26,10,5,0,0,12,0,19,12,35,13,0,0,0,19,0,44,22,0,0,0,8,48,3,27,52,4
2008-04-06,29,25,15,0,14,61,61,22,6,15,36,22,17,10,17,0,43,31,31,12,32,38,7,21,26,22,0,28,0,6,16,9,69,20,10,5,0,0,13,0,14,11,30,15,0,0,0,20,0,47,22,0,0,0,8,51,4,40,54,7
2008-04-13,23,16,15,0,16,62,67,19,10,17,32,17,19,0,12,0,40,33,41,10,40,39,10,18,36,18,0,29,0,7,19,11,79,23,8,7,6,0,14,0,19,11,26,16,0,0,0,20,0,46,23,0,0,0,9,46,0,31,66,3
2008-04-20,25,14,19,0,18,68,56,25,9,19,25,20,10,0,15,0,40,34,35,12,27,39,12,12,35,18,0,42,0,6,17,13,70,27,17,8,6,0,0,0,17,13,39,17,0,0,0,22,0,58,23,0,0,0,11,40,0,38,53,4
2008-04-27,24,26,18,0,15,61,59,21,13,18,25,23,20,0,12,0,43,36,35,11,41,39,8,14,26,17,0,36,0,6,16,10,53,19,17,8,5,0,0,0,21,14,43,17,0,0,0,25,0,50,17,0,0,0,12,61,0,34,58,4
2008-05-04,24,27,18,0,12,56,48,20,11,15,22,23,15,0,14,0,30,28,36,11,32,40,9,10,23,19,0,34,0,6,17,9,58,24,12,9,5,21,0,0,20,15,41,18,0,0,0,20,0,47,17,0,0,0,10,45,0,32,58,5
2008-05-11,20,27,15,0,10,63,54,16,7,10,31,19,13,0,18,0,44,21,33,9,28,29,14,13,23,21,8,36,0,7,17,8,67,24,13,8,5,53,0,0,15,16,41,12,0,0,0,16,0,38,17,0,0,0,10,53,0,31,54,5
2008-05-18,17,30,15,0,16,54,53,21,13,10,22,25,23,10,14,0,39,29,39,7,32,30,9,12,21,24,0,38,0,5,14,8,63,21,14,9,5,26,0,0,28,16,27,12,0,0,0,16,0,58,20,0,0,0,8,45,0,28,68,4
2008-05-25,17,27,15,0,13,65,49,18,7,12,21,26,15,9,16,0,37,23,39,11,33,27,4,24,21,20,0,21,0,7,15,7,59,27,13,14,5,26,11,0,17,14,29,13,0,0,0,18,0,49,23,0,0,0,8,45,0,33,64,5
2008-06-01,23,28,16,0,12,64,58,11,11,9,22,14,12,12,21,0,42,23,35,8,40,29,7,16,30,19,0,33,0,6,22,5,62,20,12,13,6,34,14,0,21,14,26,13,0,0,0,21,0,46,18,0,0,0,10,48,3,34,56,4
2008-06-08,15,17,21,0,15,65,62,20,9,10,32,13,24,9,20,0,36,33,49,8,38,29,9,25,25,22,0,38,0,7,29,5,78,25,18,13,0,28,16,0,20,14,39,13,0,0,0,17,0,60,20,0,0,0,0,40,0,40,61,4
2008-06-15,15,27,15,0,17,63,65,13,5,14,27,17,17,9,19,0,45,24,39,8,30,32,11,13,24,25,0,24,0,6,25,6,61,23,15,13,0,33,0,0,23,14,33,14,0,0,0,28,0,44,24,0,0,0,0,45,0,32,58,5
2008-06-22,15,28,16,0,18,66,53,16,13,13,25,18,16,14,21,0,39,34,37,6,38,33,10,17,27,18,0,34,0,8,23,9,65,24,13,9,0,19,0,0,17,14,21,0,0,0,0,20,0,53,27,0,0,0,0,50,0,29,60,4
2008-06-29,16,16,17,0,18,60,53,19,8,12,40,16,13,11,21,0,40,28,49,7,46,34,6,23,26,19,0,37,0,6,24,8,74,23,16,9,0,32,0,0,17,0,30,0,0,0,0,20,0,42,34,0,0,0,0,42,0,27,61,5
2008-07-06,18,15,14,0,13,56,71,11,7,12,27,23,19,9,12,0,45,36,36,9,36,39,12,17,24,25,0,48,0,4,27,7,74,14,9,11,0,20,0,0,12,0,20,0,0,0,0,20,0,31,41,0,0,0,0,50,0,26,55,6
2008-07-13,14,19,14,0,17,60,61,16,9,14,27,20,17,9,17,0,50,38,39,7,35,31,7,13,27,24,11,39,0,7,19,4,79,18,15,7,0,17,0,0,11,0,20,0,0,0,0,20,0,49,47,0,0,0,0,49,5,36,59,5
2008-07-20,13,25,16,0,14,58,61,21,8,14,25,12,18,9,20,0,32,31,34,8,50,34,8,11,39,19,7,33,0,9,20,7,66,23,6,6,0,17,0,0,11,0,33,0,0,0,0,19,0,60,21,0,0,0,0,51,3,28,59,9
2008-07-27,19,20,17,0,14,58,57,19,8,11,25,25,13,9,10,0,42,27,40,9,40,28,4,17,26,14,7,41,0,4,19,7,59,23,10,9,0,22,11,0,20,0,29,0,0,0,0,19,0,33,22,0,0,0,0,42,0,25,53,5
2008-08-03,25,13,20,0,12,58,56,18,7,10,22,22,9,9,12,0,34,28,41,11,41,43,6,11,26,15,0,38,0,5,15,8,55,21,15,7,7,16,0,0,17,0,27,11,0,0,0,19,0,49,23,0,7,0,10,44,0,33,57,4
2008-08-10,14,13,24,0,8,63,51,15,8,8,33,19,8,11,17,0,48,26,35,5,36,35,8,16,24,13,0,34,0,5,19,5,76,19,11,6,0,14,0,12,17,0,20,0,0,0,0,19,0,51,25,0,8,0,0,42,0,33,60,6
2008-08-17,17,15,0,0,14,65,57,15,9,13,28,16,25,7,16,0,40,25,40,7,39,23,7,16,22,26,0,35,0,6,18,4,66,25,14,10,0,14,0,0,16,0,35,0,0,0,0,19,0,48,27,0,8,0,0,46,0,26,61,6
2008-08-24,20,15,0,0,10,58,53,20,10,9,24,13,19,10,21,0,34,29,56,8,34,37,6,16,21,20,0,42,0,4,14,5,60,20,12,9,0,13,0,0,16,0,20,0,0,0,0,0,0,42,23,0,9,0,0,44,0,23,61,7
2008-08-31,22,22,0,0,9,57,51,15,9,13,23,12,17,11,16,0,42,27,35,9,42,36,10,15,20,23,0,43,0,6,18,7,63,20,11,12,0,12,0,0,20,0,31,0,0,0,0,0,0,54,23,0,9,0,0,49,4,23,62,7
2008-09-07,20,22,0,0,13,69,54,17,10,16,22,17,13,9,16,0,32,26,35,8,36,28,11,13,26,17,0,29,0,6,20,7,63,24,18,11,0,12,0,0,29,12,32,0,0,0,0,0,0,38,17,0,10,0,0,55,3,28,53,7
2008-09-14,18,22,0,0,13,59,42,18,8,11,25,16,13,10,15,0,54,28,43,7,40,29,9,12,22,19,0,41,0,4,21,4,66,21,15,6,0,14,0,0,30,11,21,10,0,0,0,0,0,53,19,0,0,0,8,64,3,27,55,6
2008-09-21,15,20,22,0,13,45,56,9,9,10,26,13,16,14,13,0,34,28,37,9,36,26,9,13,21,14,0,31,0,7,25,6,65,20,16,8,0,14,0,0,21,11,31,11,0,0,0,0,0,68,24,0,0,0,9,48,4,31,56,5
2008-09-28,18,20,14,0,12,55,54,14,7,10,23,17,19,9,17,0,38,21,42,10,42,30,7,10,28,25,0,25,0,6,26,4,52,15,10,0,0,15,0,0,21,11,33,0,0,0,0,0,0,28,29,0,0,0,9,48,0,31,58,6
2008-10-05,20,14,14,0,13,56,54,20,15,9,16,11,18,14,15,0,40,28,35,11,42,28,6,13,34,23,0,34,0,9,27,4,60,23,13,0,0,15,0,0,19,16,24,0,0,0,0,0,0,58,34,0,0,0,9,47,0,32,57,6
2008-10-12,14,14,18,0,6,61,51,21,8,9,18,22,14,7,15,0,43,29,36,6,38,30,9,15,35,15,0,48,0,5,25,5,69,16,14,0,0,16,12,0,17,11,32,0,0,0,0,24,0,46,17,0,0,0,7,52,0,29,58,5
2008-10-19,14,17,22,0,8,59,61,20,6,8,19,21,14,8,24,0,42,30,37,6,38,28,8,15,24,21,0,30,0,5,19,5,57,18,16,0,6,20,11,0,21,11,22,0,0,0,0,23,0,38,21,0,0,0,10,46,0,36,60,3
2008-10-26,22,14,16,0,9,72,51,16,8,8,23,14,18,8,20,0,35,30,35,13,39,30,4,22,24,19,0,38,0,7,23,3,59,24,19,0,0,0,11,0,10,11,33,0,0,0,0,25,0,49,15,0,0,0,6,48,0,29,58,4
2008-11-02,32,20,17,0,8,64,57,15,14,9,24,18,15,11,20,0,37,33,33,7,40,30,9,17,23,21,0,36,0,7,26,6,64,21,25,6,0,0,0,0,16,11,49,0,0,0,0,37,0,45,19,0,0,0,7,43,3,33,57,5
2008-11-09,13,27,18,0,10,74,62,17,11,10,29,19,25,9,17,0,48,28,40,8,47,34,10,18,39,29,0,34,0,4,22,5,61,19,32,8,0,0,0,0,26,12,31,0,0,0,0,37,0,49,15,0,0,0,7,57,3,36,61,6
2008-11-16,18,21,19,0,12,73,64,19,5,9,27,18,18,7,14,0,46,37,37,10,47,30,10,17,29,21,0,35,0,7,15,5,70,17,30,7,0,0,0,0,21,12,28,0,0,0,0,33,0,36,18,0,0,0,0,44,3,34,62,7
2008-11-23,15,21,0,0,11,70,67,16,10,11,20,15,18,10,22,0,36,20,41,8,45,24,9,22,39,23,0,30,0,6,17,4,64,18,24,5,0,0,0,0,21,13,22,0,0,0,0,0,0,51,21,0,0,0,0,45,4,29,56,5
2008-11-30,14,18,0,0,11,75,58,18,12,12,28,16,16,9,18,0,34,27,37,8,47,28,11,12,25,21,0,34,0,7,22,5,69,24,20,6,0,0,0,0,20,0,27,0,0,0,0,0,0,40,24,0,0,0,0,53,4,29,52,5
2008-12-07,31,18,0,0,11,71,57,15,7,12,29,15,20,9,17,0,33,25,35,7,41,34,6,17,22,25,0,39,0,6,20,5,70,18,17,7,0,0,0,0,19,0,35,0,0,0,0,0,0,62,20,0,0,0,0,59,4,34,54,5
2008-12-14,18,20,0,0,12,68,67,17,8,11,34,16,22,12,14,0,29,29,40,7,48,38,6,18,33,11,0,20,0,6,24,5,61,19,17,7,0,0,0,0,19,0,20,0,0,0,0,0,0,71,20,0,0,0,0,63,4,38,59,4
2008-12-21,18,15,0,0,14,67,60,11,9,11,28,14,24,11,22,0,47,28,38,7,24,23,6,25,17,30,0,39,0,12,18,4,62,18,22,12,0,0,0,0,19,0,37,0,0,0,0,0,0,53,20,0,0,0,0,46,4,43,66,5
2008-12-28,18,15,0,0,13,65,62,14,10,11,29,14,22,11,13,0,36,29,60,8,42,24,6,24,33,35,0,21,0,9,24,4,67,21,23,0,0,0,0,0,20,0,24,0,0,0,0,0,0,62,21,0,0,0,0,54,4,35,60,5
2009-01-04,18,15,14,0,12,79,61,16,10,11,30,14,15,11,13,0,43,34,42,8,45,32,6,13,27,19,0,31,0,7,21,4,76,23,20,0,0,12,15,0,20,0,38,0,0,0,0,0,0,90,21,0,0,0,0,65,4,38,62,6
2009-01-11,20,25,27,0,11,67,53,23,12,15,25,25,13,7,20,0,43,29,32,10,45,29,5,13,31,22,0,32,0,7,23,5,70,24,18,0,0,12,13,0,13,0,67,0,0,0,0,0,0,59,21,0,0,0,0,58,3,37,57,4
2009-01-18,16,26,14,0,11,71,50,23,9,12,25,18,14,8,22,0,49,28,41,14,42,34,10,21,34,10,0,34,0,8,20,10,74,27,22,0,0,13,12,0,16,13,36,0,0,0,0,16,0,51,22,0,0,0,8,53,3,40,61,5
2009-01-25,15,18,12,0,16,68,59,23,7,9,36,20,20,8,18,0,39,28,33,9,42,26,7,16,28,22,0,35,0,9,21,3,71,22,18,0,0,13,10,0,18,12,19,0,0,0,0,16,0,42,23,0,8,0,10,52,3,36,65,5
2009-02-01,13,18,13,0,12,75,54,24,9,9,27,27,16,11,18,0,42,35,35,7,34,22,7,16,24,23,0,31,0,10,15,5,70,24,12,0,0,11,10,0,14,12,29,0,0,0,0,14,0,43,25,0,0,0,7,47,3,29,54,3
2009-02-08,17,22,13,0,12,59,55,17,8,9,27,14,11,14,15,0,42,35,39,8,38,30,12,17,27,18,0,30,0,8,20,6,67,25,21,0,0,0,10,0,22,12,28,0,0,0,0,16,0,27,17,0,0,0,7,51,3,35,52,3
2009-02-15,17,23,14,0,10,75,47,17,10,12,37,17,18,7,20,0,35,29,37,11,42,23,8,13,27,20,9,36,0,9,18,5,66,16,10,4,0,0,12,0,20,12,24,0,0,0,0,15,0,37,18,0,0,0,7,45,3,35,64,3
2009-02-22,20,23,13,0,10,58,49,18,8,13,22,19,17,11,14,0,39,29,30,6,41,28,6,14,33,24,7,34,0,8,18,5,65,13,13,5,0,0,14,0,16,12,27,10,0,0,0,16,0,40,21,0,0,0,7,50,3,34,59,3
2009-03-01,13,20,13,0,11,56,43,13,10,14,22,15,14,6,18,0,36,34,42,6,31,25,10,11,31,21,0,24,0,7,16,5,60,21,13,5,0,0,10,0,17,0,28,0,0,0,0,17,0,33,19,0,0,0,0,42,3,35,58,3
2009-03-08,15,20,14,0,10,61,48,19,11,12,27,22,17,12,14,0,41,28,34,8,38,27,9,16,36,25,0,34,0,7,17,4,58,21,15,5,0,0,10,0,18,0,46,0,0,0,0,18,0,42,28,0,0,0,0,40,3,33,55,5
2009-03-15,17,30,15,0,5,63,49,17,8,9,30,18,17,7,10,0,32,31,35,7,41,30,8,12,29,25,0,39,0,5,18,9,57,24,18,6,0,0,11,0,16,0,28,0,0,0,0,20,0,41,14,0,0,0,0,42,3,39,57,4
2009-03-22,15,18,14,0,10,61,53,17,11,12,27,18,26,7,18,0,39,32,36,6,42,29,10,10,25,29,0,24,0,8,15,21,61,29,22,0,0,12,10,0,20,0,24,0,0,0,0,0,0,48,19,0,0,6,0,39,0,39,60,4
2009-03-29,18,24,16,0,9,71,55,18,8,9,24,22,18,7,21,0,37,40,41,9,41,25,9,22,25,25,0,26,0,8,15,11,69,33,12,0,0,13,12,0,15,0,31,0,0,0,0,0,0,35,20,0,0,0,0,43,0,34,54,4
2009-04-05,20,23,19,0,9,66,54,22,9,12,32,19,23,8,14,0,43,48,43,10,44,31,9,24,27,29,0,36,0,6,22,13,61,32,13,0,0,15,12,0,16,0,17,0,0,0,0,0,0,28,21,0,0,0,0,42,0,34,73,3
2009-04-12,17,14,21,0,16,60,54,23,7,14,36,20,24,8,16,0,33,47,39,11,39,38,7,13,30,27,0,40,0,7,19,10,67,33,17,0,0,0,13,0,17,0,39,0,0,0,0,0,0,35,18,0,0,0,0,55,0,37,65,7
2009-04-19,21,16,16,0,15,76,50,27,10,18,26,22,24,8,14,0,33,35,32,10,39,24,11,15,22,27,0,27,0,8,14,5,67,25,18,0,0,0,12,0,15,12,28,0,0,0,0,0,0,35,18,0,0,0,0,44,0,33,55,5
2009-04-26,19,16,16,0,10,78,50,21,8,9,25,17,17,9,18,0,35,28,38,8,41,28,7,20,28,18,0,28,0,7,15,6,60,23,11,0,0,0,12,0,17,10,24,0,0,0,0,0,0,20,25,0,0,0,0,45,3,36,61,4
2009-05-03,28,19,12,0,9,66,53,22,10,12,31,17,20,8,18,0,38,37,34,9,43,23,10,16,26,23,0,37,0,5,13,6,71,22,14,0,0,0,12,0,19,10,27,0,0,0,0,0,0,42,25,0,0,0,8,35,3,30,54,5
2009-05-10,19,15,12,0,11,65,45,22,8,8,29,20,21,8,16,0,41,36,40,13,35,27,8,14,27,27,6,37,0,7,14,6,62,21,19,0,0,0,12,0,22,10,27,0,0,0,0,0,0,37,16,0,0,0,7,37,3,34,59,8
2009-05-17,22,20,15,0,9,73,50,25,11,12,29,23,21,11,12,0,44,49,47,8,36,23,12,18,25,23,7,38,0,3,13,7,62,27,15,5,0,0,11,0,22,11,37,0,0,0,0,0,0,36,35,0,0,0,8,44,3,29,61,5
2009-05-24,18,15,18,0,9,68,46,18,12,14,17,30,12,7,16,0,37,35,39,7,35,32,7,14,30,16,8,33,0,6,18,3,61,18,19,6,0,0,11,0,13,9,36,0,0,0,0,0,0,34,28,0,0,0,7,46,3,33,64,7
2009-05-31,17,16,12,0,10,60,43,22,9,15,24,26,16,8,21,0,34,42,40,9,43,28,8,13,26,22,7,38,0,7,16,4,68,24,13,4,0,0,11,0,24,0,21,0,0,0,0,17,0,31,28,0,0,0,7,41,3,29,57,5
2009-06-07,28,22,17,0,11,67,45,26,9,11,31,25,19,11,15,0,49,44,42,10,44,27,7,19,22,20,7,40,0,6,16,5,67,30,12,4,0,0,11,0,17,0,31,0,0,0,0,18,0,37,25,0,0,0,7,33,3,33,61,5
2009-06-14,13,20,15,0,13,61,52,21,11,13,30,19,14,8,15,0,36,43,43,10,44,26,7,15,20,27,7,40,0,7,19,6,72,19,22,5,0,0,12,0,17,0,33,0,0,0,0,15,0,37,21,0,0,0,8,37,3,31,54,5
2009-06-21,14,20,15,0,11,69,44,23,11,9,21,18,18,9,17,0,35,43,41,8,45,23,10,15,27,19,7,28,0,8,10,4,66,29,15,6,0,0,12,0,11,0,32,0,0,0,0,15,0,29,20,0,0,0,6,41,3,28,56,5
2009-06-28,15,19,16,0,15,68,49,25,12,9,38,22,9,10,19,0,34,38,43,9,48,23,9,20,29,18,0,33,0,7,15,6,62,21,14,6,0,0,17,0,21,0,30,0,0,0,0,16,0,41,28,0,0,0,6,35,3,34,61,6
2009-07-05,15,24,18,0,17,66,53,32,9,9,30,27,19,11,12,0,33,38,38,8,46,28,11,18,31,23,0,35,0,6,18,6,69,24,12,7,0,0,14,0,21,0,35,0,0,0,0,18,0,33,17,0,0,0,6,41,3,23,58,4
2009-07-12,13,22,22,0,13,73,48,33,14,10,37,23,22,10,19,0,47,42,38,10,43,31,12,23,30,26,0,30,0,7,14,6,68,22,10,4,0,0,14,0,19,10,38,0,0,0,0,0,0,39,17,0,6,0,6,38,4,29,61,3
2009-07-19,19,22,14,0,10,69,47,29,13,16,31,17,26,7,14,0,36,49,41,11,50,31,13,22,37,31,0,24,0,7,20,9,69,30,15,4,0,0,11,0,11,11,34,0,0,0,0,0,0,33,15,0,6,0,6,36,4,33,63,4
2009-07-26,21,18,19,0,10,68,52,32,17,11,32,29,19,8,22,0,35,48,42,6,43,28,8,15,22,27,0,32,0,5,22,7,64,31,20,4,0,0,16,0,24,11,62,0,0,0,0,0,0,38,19,0,6,0,7,45,3,33,65,5
2009-08-02,17,22,12,0,10,59,44,23,9,13,27,14,20,9,17,0,49,44,39,13,40,28,9,17,29,25,0,28,0,7,13,6,74,25,13,5,0,9,9,0,10,12,36,0,0,0,0,0,0,27,17,0,6,0,7,42,3,30,59,5
2009-08-09,17,25,20,0,13,59,49,26,9,15,40,22,33,10,16,0,47,38,42,11,50,28,9,18,19,34,0,34,0,6,14,5,70,27,15,5,0,9,9,0,20,14,25,0,0,0,0,0,0,31,24,0,6,0,7,46,3,30,65,6
2009-08-16,23,16,13,0,8,57,40,26,10,11,28,22,20,11,13,0,38,47,45,10,46,24,12,16,24,28,0,33,0,7,17,6,69,18,11,6,0,9,9,0,15,12,29,8,0,0,0,13,0,33,24,0,6,0,7,39,3,35,64,5
2009-08-23,14,15,13,0,8,70,55,22,14,15,22,24,27,8,17,0,54,40,45,8,42,29,9,15,39,31,0,37,0,4,18,8,69,26,15,7,0,9,10,9,10,12,30,9,0,0,0,13,0,37,20,0,6,0,6,35,3,35,63,5
2009-08-30,15,11,16,0,8,58,47,22,11,8,30,18,16,12,14,0,36,40,42,9,39,28,11,15,31,16,0,35,0,7,15,6,68,24,15,4,0,10,11,0,17,12,30,0,0,0,0,13,0,35,21,0,0,0,7,46,3,29,56,7
2009-09-06,12,24,17,0,10,70,49,27,15,12,30,39,24,8,14,0,43,43,44,11,44,28,9,19,31,30,0,30,0,6,18,7,73,19,16,5,0,10,11,0,16,12,26,0,0,0,0,18,0,26,19,0,0,0,8,50,3,31,64,6
2009-09-13,17,17,19,0,14,60,45,24,11,12,28,30,22,6,15,0,33,43,42,12,52,26,9,16,32,26,0,31,0,8,16,8,73,22,14,4,0,11,12,0,19,12,30,0,0,0,0,14,0,39,17,0,0,0,6,47,3,29,64,6
2009-09-20,16,16,19,0,14,78,57,27,10,12,34,25,30,11,15,8,39,49,50,13,34,33,7,17,36,42,0,31,0,5,19,6,72,26,13,5,0,11,13,0,18,12,35,0,0,0,0,0,0,41,33,0,0,0,8,48,3,34,58,9
2009-09-27,17,15,15,0,8,71,52,31,13,11,31,30,22,10,20,7,39,52,33,12,42,34,10,25,33,27,0,35,0,4,15,7,78,31,16,7,0,10,14,0,28,12,28,0,0,0,0,0,0,43,28,0,0,0,8,51,4,32,70,9
2009-10-04,21,13,21,0,8,71,46,27,9,17,27,29,31,6,16,7,40,44,41,12,52,32,9,23,33,34,0,41,0,4,15,9,77,23,17,5,0,11,18,0,23,10,31,0,0,0,0,0,0,44,22,0,0,0,8,45,3,37,64,10
2009-10-11,11,18,20,0,10,75,47,27,8,15,22,34,23,11,15,0,41,50,39,15,44,21,9,21,29,30,0,35,0,6,18,9,74,21,16,5,0,0,9,0,20,9,22,0,0,0,0,0,0,41,22,0,0,0,6,48,3,34,66,8
2009-10-18,13,28,17,0,12,91,48,38,11,9,36,27,35,11,19,0,44,50,47,16,46,35,10,20,31,39,0,41,0,8,19,7,78,28,21,5,0,0,9,0,21,9,26,11,0,0,0,0,0,36,21,0,0,0,9,50,3,35,56,9
2009-10-25,16,23,23,0,9,81,47,34,11,11,29,25,39,9,18,0,44,45,45,14,51,26,11,19,34,44,0,50,0,9,14,6,78,27,9,0,0,0,17,0,23,9,31,8,0,0,0,0,0,39,20,0,0,0,9,46,3,34,61,9
2009-11-01,19,19,18,0,11,80,61,32,6,13,33,31,35,13,21,0,43,45,46,14,49,30,11,29,40,41,0,29,0,9,21,10,85,25,15,0,0,0,13,0,19,9,28,8,0,0,0,22,0,34,23,0,0,0,8,46,3,35,71,9
2009-11-08,14,20,12,0,9,80,55,32,11,12,36,26,36,10,19,0,50,49,38,12,47,34,11,21,34,46,7,34,0,7,20,10,80,25,15,0,0,0,13,0,20,11,33,9,0,0,0,0,0,42,32,0,0,7,7,48,5,34,71,9
2009-11-15,12,30,22,0,10,75,48,29,11,16,26,35,28,6,14,0,42,58,48,9,47,27,10,29,34,34,0,31,0,6,15,9,85,26,16,0,0,12,10,0,22,12,23,10,0,0,0,0,0,34,22,0,0,0,8,45,3,30,63,10
2009-11-22,12,17,20,0,11,80,46,34,10,10,21,39,32,8,16,0,49,42,42,13,50,36,12,22,26,34,0,33,0,8,19,9,68,23,21,0,0,17,10,0,13,13,27,10,0,0,0,0,0,24,36,0,0,0,7,51,3,36,66,7
2009-11-29,12,18,23,0,10,67,52,31,8,9,54,43,29,10,17,0,44,51,48,11,50,32,12,21,30,25,0,42,0,7,18,8,71,24,16,0,0,13,10,0,14,15,24,10,0,0,0,0,0,39,15,0,0,0,10,62,4,35,66,8
2009-12-06,15,24,23,0,11,84,54,33,13,10,30,42,41,9,16,0,52,53,52,16,47,33,11,25,40,38,0,38,0,6,20,8,82,27,18,5,0,14,16,0,20,15,27,11,0,0,0,0,0,55,23,0,0,0,9,48,4,42,59,8
2009-12-13,18,27,23,0,14,92,66,31,13,15,24,38,40,9,19,0,63,58,51,12,49,33,9,18,32,37,0,27,0,6,19,7,81,33,16,0,0,14,13,0,15,10,38,0,0,0,0,0,0,37,31,0,0,0,12,54,4,45,71,9
2009-12-20,19,36,23,0,14,84,63,34,11,20,32,32,31,15,15,0,36,68,52,12,42,37,8,20,28,38,0,27,0,11,22,8,84,34,20,0,0,14,13,0,15,10,29,0,0,0,0,0,0,35,38,0,0,0,15,65,4,34,77,11
2009-12-27,19,32,23,0,12,74,59,30,11,23,31,41,34,15,15,0,39,89,54,15,71,28,14,26,26,33,0,29,0,11,25,9,72,30,22,0,0,14,13,0,15,10,36,0,0,0,0,0,0,55,24,0,0,0,10,61,4,44,72,10
2010-01-03,19,32,24,0,16,91,62,37,12,12,39,36,29,13,24,0,42,55,43,11,51,46,14,24,42,39,0,36,0,8,22,9,95,42,21,0,0,14,13,0,15,10,33,0,0,0,0,0,0,51,24,0,0,7,10,58,4,36,72,10
2010-01-10,18,32,17,0,12,91,61,37,11,13,36,49,34,12,27,7,46,60,49,15,48,38,10,21,34,40,7,35,0,8,17,7,81,29,19,0,0,14,11,0,15,10,27,0,0,0,0,0,0,48,18,0,0,7,10,58,4,46,70,8
2010-01-17,18,25,24,0,14,71,60,46,10,14,45,44,31,16,12,6,42,44,44,11,53,38,13,20,47,40,7,31,0,5,15,7,95,42,17,0,0,10,16,0,17,11,38,17,0,0,0,0,0,34,36,0,0,7,6,47,3,54,77,9
2010-01-24,12,25,15,0,17,63,50,47,15,9,33,48,27,11,12,6,43,59,46,13,48,32,13,25,49,33,7,37,0,8,17,9,83,35,22,5,0,14,11,0,20,12,42,12,0,0,0,0,0,38,30,0,0,7,7,47,3,40,67,9
2010-01-31,12,24,21,0,17,79,52,37,10,23,32,36,37,13,16,0,50,58,45,12,44,28,10,30,51,34,7,39,0,5,19,10,92,33,15,6,0,17,18,0,19,11,39,11,0,0,0,0,0,32,27,0,0,7,6,49,4,35,80,8
2010-02-07,17,17,29,0,15,78,60,42,14,18,37,35,29,10,17,0,42,55,47,11,49,35,13,22,59,35,0,31,0,9,18,10,99,34,14,6,0,13,9,0,21,10,36,14,0,0,0,0,0,38,19,0,0,7,8,57,3,40,82,8
2010-02-14,13,17,15,0,13,82,48,41,9,12,26,40,21,10,16,0,35,63,36,13,46,31,12,19,47,32,0,40,0,5,19,8,87,30,20,5,0,12,10,0,15,9,25,9,0,0,0,0,0,38,30,0,0,8,6,46,3,32,72,8
2010-02-21,14,24,20,0,17,72,52,49,13,7,27,43,28,10,15,0,45,64,41,12,49,28,13,25,42,35,0,35,0,6,20,9,82,33,13,5,0,10,12,0,20,9,25,10,0,0,0,0,0,46,22,0,0,8,7,46,5,31,67,9
2010-02-28,12,34,17,0,12,73,44,35,7,9,25,33,28,14,19,0,35,49,45,17,51,33,7,22,31,32,0,33,0,4,18,8,78,26,17,5,0,10,14,0,20,0,32,11,0,0,0,13,0,36,22,0,0,8,8,47,4,34,67,8
2010-03-07,17,36,31,0,14,79,56,39,11,8,37,44,19,12,15,0,48,52,49,12,52,32,12,21,44,31,0,37,0,6,18,9,84,34,16,5,0,10,13,0,17,0,23,11,0,0,0,0,0,36,30,0,0,8,8,50,4,33,72,7
2010-03-14,11,24,27,0,15,70,55,40,15,12,30,41,23,12,16,0,36,62,56,11,39,33,13,27,61,31,7,40,0,5,16,7,88,37,21,5,0,10,13,0,18,0,37,10,0,0,0,0,0,37,40,0,0,8,8,45,5,36,76,8
2010-03-21,21,21,15,0,13,64,53,49,11,13,25,35,23,11,9,0,41,61,50,16,50,33,9,22,50,32,0,34,0,8,16,8,84,47,21,5,0,0,14,0,16,0,28,18,0,0,0,0,0,33,16,0,0,0,8,45,3,40,73,6
2010-03-28,20,39,15,0,13,72,52,38,11,13,38,53,27,9,8,0,46,46,38,10,57,29,14,19,40,30,0,38,0,6,18,8,75,31,16,5,0,0,13,0,16,0,33,11,0,0,0,0,0,38,20,0,0,0,9,46,4,39,65,9
2010-04-04,20,26,23,0,16,65,56,45,11,13,38,46,27,9,12,0,37,58,38,13,50,33,12,20,32,25,0,49,0,6,17,10,76,39,16,5,0,0,10,0,17,11,22,11,0,0,0,0,0,38,20,0,9,0,7,45,3,36,64,9
2010-04-11,15,21,17,0,13,75,46,50,14,13,32,56,16,17,18,0,40,53,38,13,45,30,12,21,44,21,0,33,0,4,18,7,86,30,20,5,0,0,10,0,18,10,24,11,0,0,0,0,0,34,20,0,0,0,7,47,3,42,100,7
2010-04-18,12,42,28,0,13,74,45,41,15,9,38,41,26,16,16,0,44,50,40,10,49,29,8,19,42,35,0,42,0,6,13,4,76,24,16,6,0,0,10,0,18,10,25,13,0,0,0,0,0,41,15,0,0,0,8,26,3,40,95,9
2010-04-25,19,31,24,0,13,62,50,47,16,12,29,34,23,17,18,0,47,46,41,9,45,29,7,20,41,25,0,36,0,7,17,7,86,23,22,6,0,0,10,0,18,0,21,10,0,0,0,0,0,36,22,0,0,0,9,35,4,27,81,11
2010-05-02,15,41,15,0,15,69,51,49,9,13,23,20,24,19,16,0,40,59,45,11,40,27,10,20,43,33,0,42,0,5,18,6,75,23,13,6,0,0,10,0,18,0,18,10,0,0,0,0,0,36,24,0,0,0,6,49,5,36,77,8
2010-05-09,15,36,20,0,15,75,44,63,13,9,26,38,26,16,11,0,49,61,46,13,50,35,10,28,38,38,0,45,0,6,16,7,85,23,16,6,0,0,11,0,16,0,24,10,0,0,0,0,0,33,25,0,0,0,0,46,5,37,76,8
2010-05-16,15,41,14,0,10,58,58,69,15,11,37,35,27,18,16,0,42,62,45,10,52,34,14,17,47,34,0,34,0,6,16,7,81,26,15,6,0,0,11,0,21,0,14,11,0,0,0,0,0,25,22,0,0,0,0,51,5,37,89,8
2010-05-23,16,35,21,0,12,76,45,53,14,13,45,40,24,10,23,0,35,48,44,12,48,31,12,15,42,31,8,37,0,7,15,6,87,27,20,6,0,0,11,0,20,0,28,17,0,0,0,0,0,30,22,0,0,0,0,38,3,37,75,5
2010-05-30,17,31,27,0,13,72,58,55,11,16,39,50,30,13,17,0,39,54,52,14,51,25,10,18,30,34,8,36,0,9,19,10,81,22,15,6,0,11,11,0,20,0,35,17,0,0,0,0,0,35,19,0,0,0,0,39,3,35,75,8
2010-06-06,15,35,14,0,14,68,49,57,10,9,36,59,26,11,16,0,47,53,41,12,45,30,12,17,44,32,0,30,0,8,15,10,82,28,20,7,0,12,12,0,15,0,26,17,0,0,0,0,0,24,20,0,0,0,0,49,4,34,62,10
2010-06-13,15,33,16,0,13,73,48,59,11,10,30,54,25,13,18,0,44,56,51,10,53,26,13,20,35,27,0,35,0,9,14,12,79,28,9,5,0,13,12,0,13,0,35,17,0,0,0,0,0,25,21,0,0,0,0,37,4,33,64,8
2010-06-20,15,25,29,0,13,75,44,65,9,12,22,45,27,8,16,0,34,47,43,12,55,32,12,12,45,31,0,32,0,6,15,8,81,31,15,5,0,14,12,0,13,0,42,17,0,0,0,0,0,36,22,0,0,0,8,35,4,37,65,9
2010-06-27,15,25,25,0,17,86,49,55,13,12,25,42,23,12,16,0,40,50,50,9,44,33,17,15,44,35,0,27,0,6,16,10,78,32,21,5,0,0,9,0,13,0,24,13,0,0,0,0,0,24,18,0,0,0,8,37,3,34,65,8
2010-07-04,15,31,23,0,11,78,46,56,8,13,40,41,17,9,17,7,41,45,59,9,35,31,13,16,39,27,0,33,0,6,16,7,67,23,17,5,0,0,9,0,17,0,18,13,0,0,0,0,0,28,18,0,0,6,9,42,3,34,66,8
2010-07-11,12,20,17,0,15,76,48,68,14,10,24,38,22,11,10,8,45,53,64,10,48,28,9,20,49,33,0,35,0,4,14,7,84,26,15,6,0,0,9,0,23,0,20,13,0,0,0,0,0,39,18,0,0,0,9,42,3,32,57,9
2010-07-18,12,25,18,0,16,87,48,49,16,10,33,52,31,15,17,8,37,64,70,11,50,32,9,20,37,33,0,30,0,5,14,8,78,22,18,8,0,0,14,0,16,0,22,12,0,0,0,0,0,28,19,0,0,0,8,35,3,31,79,8
2010-07-25,12,19,13,0,9,74,48,43,9,12,40,42,25,11,12,7,47,61,69,10,44,28,12,18,41,30,0,28,0,4,16,7,86,26,19,7,0,0,10,0,12,0,39,11,0,0,0,0,0,32,19,0,0,0,8,36,3,37,70,9
2010-08-01,12,26,18,0,10,76,43,48,10,11,35,45,26,12,15,6,41,49,71,11,42,24,10,21,30,27,0,37,0,4,16,6,85,25,14,8,0,10,11,0,10,0,32,16,0,0,0,0,0,28,19,0,0,0,8,39,3,40,65,9
2010-08-08,14,26,19,0,17,91,56,52,13,13,37,55,23,9,16,6,46,49,65,11,47,31,11,14,40,29,0,34,0,8,17,7,80,21,17,9,0,11,12,0,17,0,29,13,0,0,0,0,0,33,19,0,0,0,6,45,3,36,69,8
2010-08-15,16,30,22,0,12,82,45,51,13,11,28,52,21,6,17,6,44,61,66,9,47,34,10,14,45,29,0,32,0,6,14,9,79,24,9,6,0,15,0,0,13,0,18,13,0,0,0,0,0,23,14,0,0,0,6,37,4,39,68,10
2010-08-22,14,18,31,0,10,84,48,45,12,11,32,56,21,10,19,0,50,50,72,14,39,29,10,11,27,29,0,38,0,4,16,9,86,25,14,6,0,15,0,0,22,0,19,14,0,0,0,0,0,40,18,0,0,0,6,36,3,34,66,10
2010-08-29,13,24,18,0,10,80,43,52,16,10,25,70,24,9,15,0,48,66,61,8,47,26,9,19,32,26,0,39,0,7,14,7,75,27,15,7,0,15,0,0,13,0,22,12,0,0,0,0,0,32,23,0,0,0,6,40,3,37,66,8
2010-09-05,13,26,15,0,12,88,49,42,12,11,38,63,26,9,20,0,40,60,70,13,57,26,10,24,33,32,0,38,0,6,15,5,78,27,14,8,0,16,0,0,18,0,25,12,0,0,0,0,0,33,17,0,0,0,6,31,3,36,71,11
2010-09-12,19,35,29,0,11,79,45,44,14,20,29,70,24,9,14,0,45,50,58,15,51,26,15,18,40,31,0,42,0,6,14,6,77,24,13,5,0,16,0,0,12,9,25,10,0,0,0,0,0,37,23,0,0,0,7,37,5,36,74,12
2010-09-19,14,33,13,0,13,80,46,43,9,18,37,49,20,12,18,0,45,53,73,8,41,23,7,16,33,29,0,33,0,5,13,8,78,18,14,5,0,15,12,0,15,9,26,11,0,0,0,0,0,29,28,0,0,0,7,26,3,45,69,10
2010-09-26,14,27,14,0,8,75,50,37,10,11,33,53,21,11,15,0,55,56,69,12,45,34,11,21,37,25,0,38,0,7,16,4,82,21,19,5,0,12,11,0,17,10,23,14,0,0,0,0,0,25,24,0,0,0,7,35,3,40,63,7
2010-10-03,14,25,23,0,9,74,39,42,9,16,28,46,23,9,18,6,35,57,69,14,48,30,12,16,36,29,7,37,0,6,16,8,73,23,16,5,0,12,11,0,20,10,27,10,0,0,0,0,0,24,29,0,0,0,7,27,3,37,71,10
2010-10-10,11,41,14,0,10,80,46,45,10,12,28,42,29,11,17,6,44,50,66,8,46,31,15,24,34,28,0,35,0,8,17,9,75,23,16,4,0,12,10,0,15,10,29,11,0,0,0,0,0,29,14,0,0,0,7,41,2,35,69,12
2010-10-17,13,35,15,0,13,89,56,48,14,8,34,49,21,9,21,6,42,57,68,11,46,30,13,20,36,36,0,37,0,6,18,6,69,21,23,4,0,12,10,0,13,10,29,10,0,0,0,15,0,30,24,0,0,0,8,34,2,37,64,8
2010-10-24,12,27,17,0,11,84,45,41,11,13,37,62,15,9,16,6,35,42,75,8,47,30,11,15,36,26,0,30,0,9,18,7,73,29,14,4,5,12,10,0,14,10,28,10,0,0,0,0,0,49,19,0,0,0,8,41,2,30,62,7
2010-10-31,18,24,14,0,9,83,51,34,9,18,28,61,19,6,14,6,45,52,74,9,41,34,13,11,33,29,0,36,0,5,15,8,75,19,16,5,0,12,12,0,21,10,21,14,0,0,0,0,0,26,19,0,0,0,9,34,3,33,65,9
2010-11-07,16,22,19,0,12,80,44,40,12,18,38,54,24,10,19,7,39,53,75,12,42,34,11,14,35,32,0,37,0,5,17,9,88,21,18,5,0,0,12,0,24,10,22,17,0,0,0,0,0,26,19,0,0,0,9,38,4,38,64,11
2010-11-14,11,34,16,0,9,80,37,44,11,15,20,56,24,10,13,7,44,55,66,12,49,28,8,20,33,34,0,31,0,8,16,8,85,27,15,5,0,0,13,0,22,11,29,10,0,0,0,0,0,26,28,0,0,0,0,38,4,35,81,11
2010-11-21,16,24,28,0,11,82,54,55,11,16,33,58,24,11,19,0,47,54,75,11,48,33,10,19,41,30,0,38,0,5,14,9,70,21,15,5,0,0,11,0,14,11,16,9,0,0,0,0,0,32,22,0,0,0,0,35,4,34,73,8
2010-11-28,17,32,27,0,9,74,52,43,8,16,24,51,25,8,16,0,43,50,82,9,50,30,10,17,54,30,0,45,0,8,16,6,85,21,17,0,0,0,11,0,22,11,30,9,0,0,0,0,0,19,19,0,0,0,0,32,3,43,63,8
2010-12-05,18,27,16,0,15,91,46,43,14,15,33,58,23,13,14,0,34,52,84,10,44,28,12,20,40,32,0,34,0,8,14,9,88,26,19,0,0,0,11,0,22,11,29,9,0,0,0,0,0,39,25,0,0,7,0,41,3,40,73,9
2010-12-12,19,33,23,0,12,80,44,42,14,19,31,58,22,14,18,0,42,46,79,12,57,34,15,20,35,27,0,26,0,6,20,8,76,22,12,0,0,0,14,0,20,12,27,12,0,0,0,0,0,24,31,0,0,0,0,41,4,36,67,10
2010-12-19,15,25,31,0,14,75,53,42,14,10,30,59,36,11,20,0,43,44,82,14,43,38,13,17,37,44,0,31,0,9,23,7,75,25,9,0,0,0,15,0,20,12,41,15,0,0,0,0,0,42,11,0,0,0,0,46,5,47,77,8
2010-12-26,15,22,18,0,15,64,44,39,17,10,51,65,22,12,19,0,40,46,99,15,45,30,10,26,42,39,0,43,0,11,11,8,71,17,18,0,0,0,16,0,16,13,25,12,0,0,0,0,0,33,11,0,0,0,0,48,4,34,60,4
2011-01-02,15,22,18,0,11,80,52,39,9,10,31,49,26,9,16,5,37,52,83,14,43,37,10,18,37,33,0,35,0,8,18,5,81,26,12,5,0,6,17,0,16,13,29,12,0,0,0,0,0,32,11,0,0,0,5,40,4,41,69,8
2011-01-09,16,27,15,0,13,91,53,43,12,13,33,56,29,10,14,3,37,51,72,8,45,34,8,23,33,39,0,34,0,8,20,7,77,23,18,4,0,7,10,5,19,12,20,13,0,0,0,8,0,28,20,0,3,0,6,41,4,42,65,9
2011-01-16,15,27,17,0,11,79,53,51,10,11,36,55,23,10,12,5,50,40,67,10,43,32,9,22,40,31,5,37,0,8,17,7,79,26,14,4,0,9,10,0,15,8,31,18,0,4,0,8,0,27,20,0,4,4,5,45,4,40,64,7
2011-01-23,9,17,20,0,12,80,48,46,12,14,51,54,22,8,13,4,44,54,62,12,46,34,9,21,38,29,4,32,0,7,17,8,84,26,14,5,2,9,9,0,16,12,35,16,0,5,0,8,0,32,20,0,3,4,8,38,4,41,63,7
2011-01-30,15,22,20,0,11,69,52,45,14,15,39,50,24,10,12,4,36,46,65,8,45,27,11,22,36,31,4,33,0,6,16,7,70,21,16,4,3,9,12,0,14,8,33,16,0,5,0,9,0,30,18,3,3,4,5,35,3,40,61,9
2011-02-06,16,31,19,0,8,75,47,42,11,12,39,50,18,8,15,4,39,47,57,9,43,27,9,21,32,27,5,31,0,7,16,6,75,22,16,4,3,12,10,0,15,9,27,13,0,5,0,9,0,36,13,3,3,4,5,41,3,47,61,9
2011-02-13,16,22,18,0,12,75,46,39,13,15,33,54,19,12,10,5,43,48,59,8,42,28,7,19,35,27,3,30,0,7,15,5,82,21,17,4,2,9,6,0,16,7,27,13,0,5,0,7,0,30,21,3,3,4,7,40,2,39,61,8
2011-02-20,13,29,20,0,9,75,50,42,12,11,33,50,17,11,12,3,32,52,58,10,41,24,9,17,32,24,4,33,0,6,15,6,72,22,18,4,5,9,7,0,12,12,22,16,0,4,0,7,0,30,15,3,3,4,5,37,2,36,63,8
2011-02-27,18,26,15,0,10,69,44,40,9,9,40,51,23,8,9,3,35,45,54,9,38,25,10,18,29,30,3,36,0,6,17,6,73,24,15,4,3,7,7,0,16,12,30,14,0,4,0,6,0,23,23,3,3,4,7,34,4,33,58,9
2011-03-06,9,26,14,0,12,69,46,41,10,10,30,47,20,8,15,4,36,48,56,10,42,27,9,21,30,29,4,33,0,6,19,7,73,23,16,3,3,12,10,0,18,10,29,14,0,4,0,6,0,30,20,3,3,3,5,34,3,34,58,8
2011-03-13,13,20,13,0,9,69,49,35,12,8,27,46,18,9,12,5,37,45,58,9,46,27,7,19,36,27,4,41,0,6,14,5,71,21,15,3,4,8,7,5,18,8,25,11,0,6,0,7,0,48,17,3,3,3,4,34,3,31,63,6
2011-03-20,11,21,14,0,8,72,43,41,7,13,35,50,25,10,13,6,34,48,63,10,42,24,9,22,38,32,4,45,0,7,13,6,72,20,13,3,3,6,12,5,19,10,24,13,0,8,0,7,0,32,26,4,3,4,4,34,3,29,65,9
2011-03-27,16,21,21,0,10,74,46,37,11,11,33,43,26,9,12,3,34,45,66,10,36,25,11,21,33,31,4,42,0,6,12,5,77,22,18,4,3,7,6,5,15,6,29,22,0,5,0,8,0,31,19,5,3,5,7,37,2,31,59,10
2011-04-03,13,25,14,0,9,80,48,35,13,15,26,44,26,10,12,3,33,56,62,8,41,26,10,20,33,36,4,40,2,6,19,5,74,22,16,3,4,6,10,6,14,9,26,15,0,5,0,7,0,33,16,4,3,6,4,39,4,36,62,10
2011-04-10,14,22,14,0,11,79,48,37,13,15,29,44,27,10,15,3,33,45,60,9,47,29,11,19,36,30,4,36,0,7,18,4,80,25,14,3,2,4,11,6,18,12,32,18,0,5,0,6,0,31,16,4,5,4,5,41,3,35,61,12
2011-04-17,9,28,17,0,9,74,44,41,13,16,31,61,29,8,11,4,39,36,63,9,41,23,7,19,33,35,4,38,0,7,15,8,84,25,14,4,4,6,16,6,19,5,31,17,0,5,0,0,0,33,16,4,3,4,8,34,3,36,63,9
2011-04-24,18,19,10,0,14,69,50,34,11,14,32,42,26,10,11,4,30,42,67,10,38,25,9,16,27,29,4,31,0,6,13,4,72,18,13,7,3,6,9,6,13,8,26,13,0,5,0,0,0,36,27,3,3,6,5,35,5,35,65,7
2011-05-01,11,17,14,0,8,75,46,38,13,10,32,45,21,9,13,4,31,39,63,8,40,22,11,19,30,31,4,37,0,5,12,6,74,20,17,4,3,6,9,6,18,6,28,11,0,5,0,0,0,34,22,3,3,4,6,30,3,30,58,7
2011-05-08,9,21,12,0,14,74,48,39,13,14,25,51,27,9,13,6,33,41,59,10,51,19,8,17,31,32,4,42,0,6,12,5,70,27,20,4,3,6,11,6,21,5,21,15,0,5,0,0,0,36,20,3,4,4,4,37,3,34,62,9
2011-05-15,12,22,13,0,13,73,42,40,12,10,35,51,18,12,15,7,34,46,62,9,51,27,8,22,36,30,4,35,0,5,13,6,74,22,18,4,4,7,11,6,15,8,29,20,0,7,0,0,0,33,30,3,3,4,7,44,3,36,61,8
2011-05-22,18,31,16,0,10,75,47,48,12,13,27,53,20,9,17,5,37,41,60,8,44,24,10,22,33,24,4,44,0,7,15,6,70,20,20,5,2,6,11,5,19,7,25,17,0,4,0,11,0,23,32,5,3,3,5,32,3,33,59,9
2011-05-29,15,25,10,0,12,76,38,41,8,10,31,53,21,8,13,5,30,50,57,8,41,24,9,15,30,30,3,43,0,7,15,6,77,25,18,3,3,8,12,7,14,8,28,13,0,4,0,6,0,29,22,3,3,4,4,32,5,36,65,10
2011-06-05,10,28,11,0,11,80,41,40,11,10,29,46,22,9,12,4,36,51,62,9,47,20,8,24,34,28,5,43,0,6,15,6,76,22,14,5,2,9,10,5,20,7,28,11,0,5,0,6,0,25,36,3,0,3,4,29,3,38,62,10
2011-06-12,11,25,14,0,11,75,45,44,14,19,30,49,29,9,14,4,33,55,61,7,46,25,9,25,37,37,4,43,0,6,12,7,80,25,16,6,3,8,11,5,21,14,19,18,0,6,0,7,0,20,27,4,0,3,4,30,3,38,65,9
2011-06-19,13,32,15,0,14,71,47,44,12,12,30,64,25,8,14,4,32,52,57,9,47,24,8,20,47,33,3,40,0,8,15,5,76,24,17,3,3,7,9,5,23,8,31,16,0,7,0,7,0,34,30,4,0,4,5,32,2,39,66,12
2011-06-26,14,23,17,0,9,71,44,39,11,9,33,52,23,11,14,4,31,52,64,14,49,27,9,19,26,30,5,39,0,6,15,5,73,20,14,5,3,7,13,6,20,8,22,11,0,9,0,7,0,26,21,3,0,3,4,35,2,35,59,9
2011-07-03,11,28,13,0,14,76,43,40,13,8,37,58,24,10,12,4,33,53,62,11,41,24,8,16,33,36,3,46,0,8,16,6,77,23,19,6,4,7,13,6,20,14,30,15,0,8,0,7,0,27,20,3,0,5,6,31,2,35,61,8
2011-07-10,9,28,17,0,13,75,45,40,15,12,40,53,27,10,13,5,36,52,54,12,51,24,11,17,38,35,3,45,0,6,15,6,76,22,19,4,4,11,13,6,17,6,34,14,0,9,0,9,0,31,20,3,4,3,5,38,2,37,62,12
2011-07-17,12,23,12,0,12,79,42,45,9,15,43,67,22,9,15,4,33,57,56,10,52,27,7,20,31,34,3,39,0,7,15,6,83,24,16,4,3,7,8,6,15,8,30,16,0,5,0,8,0,29,20,4,3,3,7,31,3,35,63,13
2011-07-24,9,17,17,0,10,87,47,37,10,11,40,61,26,9,16,4,31,48,60,9,50,24,10,19,31,33,3,36,0,7,14,5,75,20,18,5,3,7,11,6,17,10,26,14,0,6,0,8,0,30,18,4,3,3,6,37,3,32,61,9
2011-07-31,10,21,16,0,13,79,41,43,12,12,39,73,26,11,16,5,38,50,58,9,40,24,9,19,29,35,4,42,0,7,15,7,73,24,17,3,3,5,10,4,17,11,24,12,0,5,0,8,0,36,25,5,3,3,6,32,4,34,67,12
2011-08-07,10,23,8,0,11,83,45,45,14,13,46,55,22,14,15,6,34,48,65,8,44,25,9,19,27,38,4,38,0,8,14,4,72,21,15,3,3,7,8,4,25,6,25,9,0,4,0,8,0,24,23,4,5,3,8,37,3,33,72,13
2011-08-14,12,24,12,0,12,79,45,47,11,12,39,61,20,17,13,3,30,53,62,9,46,25,13,17,28,28,4,49,0,7,17,5,79,18,14,3,3,7,12,4,12,9,23,13,0,4,0,6,0,29,24,2,3,4,5,39,4,30,60,10
2011-08-21,12,22,7,0,14,77,46,52,12,14,35,52,24,12,9,4,33,52,59,10,47,26,11,21,33,35,3,40,0,7,13,5,80,23,18,5,3,4,12,4,15,12,25,12,0,7,0,6,0,30,15,4,5,2,6,41,3,32,63,9
2011-08-28,9,16,11,0,13,77,39,44,10,13,34,61,28,11,12,4,31,59,62,8,49,21,8,21,26,33,3,40,0,5,15,5,72,22,13,3,2,5,9,5,16,7,27,16,0,6,0,7,0,23,15,3,3,2,6,32,4,29,59,9
2011-09-04,13,27,12,0,10,79,49,45,9,14,33,51,26,13,9,2,30,58,61,11,42,24,9,19,30,46,6,40,0,6,13,6,75,21,19,3,4,4,9,4,12,7,19,14,0,5,0,7,0,28,17,6,3,3,6,41,3,31,56,9
2011-09-11,10,21,19,0,10,77,41,43,15,10,33,56,38,14,14,3,31,56,68,11,47,24,9,21,33,69,3,37,0,7,16,3,84,22,18,4,2,4,8,4,19,13,27,13,0,5,0,7,0,28,21,3,3,3,4,38,2,30,60,11
2011-09-18,11,18,10,0,9,77,40,46,12,14,38,56,33,13,13,3,25,55,64,12,48,19,9,25,27,58,4,39,0,7,14,5,86,26,12,4,3,6,10,6,13,12,29,13,0,6,0,9,0,34,18,3,3,5,5,30,2,31,61,11
2011-09-25,9,23,11,0,10,75,40,48,13,7,32,60,31,9,12,4,29,40,66,9,43,20,9,22,26,42,3,46,0,7,13,4,73,17,15,3,3,8,8,5,15,11,26,15,0,6,0,6,0,22,19,3,3,4,6,30,3,31,61,10
2011-10-02,13,23,14,0,12,84,42,43,13,15,31,50,26,8,9,4,35,49,64,10,49,21,10,20,27,44,6,44,0,6,14,4,78,22,14,3,2,6,8,5,21,6,21,15,0,5,0,6,0,24,17,4,4,4,8,33,4,31,60,9
2011-10-09,9,20,15,0,10,80,39,45,12,11,32,62,28,9,10,6,34,45,62,10,49,23,12,21,30,46,5,40,0,6,14,5,77,17,13,3,2,5,11,6,18,12,25,16,0,4,6,7,0,27,20,4,4,3,4,34,3,31,63,10
2011-10-16,13,28,19,0,8,85,42,49,14,13,35,55,27,11,11,5,38,45,66,9,52,23,11,19,31,44,4,33,0,6,15,6,80,23,13,4,3,6,7,7,19,12,27,15,0,4,6,8,0,29,13,4,4,4,4,31,3,30,68,11
2011-10-23,9,24,12,0,10,84,38,44,10,12,28,57,29,8,11,9,34,43,62,11,56,19,9,24,31,48,4,37,0,5,14,5,77,24,13,3,2,7,10,5,21,11,21,11,0,4,0,7,0,25,15,3,2,6,5,23,3,31,61,10
2011-10-30,11,24,14,0,9,88,40,46,11,15,29,63,25,9,11,5,28,45,66,11,58,23,9,20,28,42,3,40,0,6,15,5,79,26,18,4,3,6,10,6,14,10,27,12,0,3,0,7,0,29,19,3,3,3,5,36,2,31,60,10
2011-11-06,9,25,10,0,12,91,41,44,10,10,29,75,24,8,17,7,30,48,63,12,58,25,10,21,29,40,4,44,0,6,15,6,86,25,23,5,3,7,8,7,16,18,24,15,0,4,0,6,0,27,18,3,4,3,5,30,2,31,59,9
2011-11-13,11,24,12,0,11,93,44,41,12,12,41,75,28,11,18,5,34,51,60,12,56,25,10,24,30,38,5,42,1,6,18,5,90,24,25,5,5,6,7,5,15,13,28,15,0,5,0,6,0,26,25,3,4,3,5,39,3,32,65,10
2011-11-20,14,29,14,0,12,85,46,43,11,11,39,77,25,9,18,4,32,41,67,10,60,25,8,26,33,34,3,52,1,6,14,7,87,22,28,5,4,6,12,5,16,11,26,18,0,5,0,9,0,30,20,3,4,5,7,34,2,30,64,9
2011-11-27,11,17,14,0,10,89,41,42,11,7,32,63,24,12,14,7,28,42,66,10,48,24,9,22,30,41,3,47,1,7,14,7,82,18,23,3,4,5,10,5,18,12,22,15,0,5,0,6,0,29,18,4,4,2,4,35,3,30,63,9
2011-12-04,10,14,8,0,11,80,39,40,12,11,34,67,25,11,13,5,36,41,68,8,52,26,9,20,24,39,4,44,1,5,13,5,79,22,23,5,3,4,7,4,17,7,35,12,0,0,6,5,0,25,21,4,4,4,5,37,3,31,65,11
2011-12-11,7,21,10,0,9,81,46,44,14,9,38,57,26,12,15,4,29,46,78,8,53,25,9,26,28,42,5,42,1,6,15,6,75,19,33,4,4,6,12,5,18,15,29,13,0,0,0,6,0,27,21,4,3,3,5,37,3,33,61,9
2011-12-18,12,15,8,0,11,78,42,42,14,12,36,62,32,8,15,5,37,44,78,7,55,25,10,23,26,44,6,38,0,8,15,5,76,17,25,4,3,5,11,6,16,9,25,11,0,0,0,7,0,24,24,4,3,4,4,44,2,35,69,10
2011-12-25,13,17,11,0,12,82,43,34,10,12,40,49,21,10,16,5,32,43,84,9,47,22,9,23,20,34,5,34,0,8,14,4,81,19,20,5,4,6,15,7,15,10,21,8,0,0,0,8,0,21,21,4,3,6,7,38,2,34,71,10
2012-01-01,9,16,12,0,9,79,43,42,10,11,45,70,23,12,18,7,32,46,76,8,46,25,10,24,29,40,4,30,0,6,14,6,81,19,18,3,2,6,10,7,20,6,23,13,0,0,0,8,0,24,17,3,3,4,5,38,2,29,69,12
2012-01-08,12,18,14,0,9,85,43,48,11,10,40,84,31,12,16,8,30,46,63,11,50,24,9,20,31,42,4,40,0,5,17,5,81,26,21,4,4,4,12,5,21,9,24,11,0,5,0,8,0,22,12,3,4,4,6,38,2,33,62,11
2012-01-15,16,16,12,0,13,87,44,52,12,13,34,80,25,9,15,8,35,55,66,11,51,24,8,23,29,45,3,38,0,5,15,5,81,25,25,4,3,5,12,5,21,6,25,11,0,5,0,8,0,30,19,3,2,5,6,34,3,35,72,13
2012-01-22,9,19,10,0,12,83,44,45,13,10,38,80,27,11,13,10,37,57,67,9,49,22,10,23,36,42,4,40,0,6,14,7,78,20,24,5,4,5,7,6,18,7,23,13,0,6,5,10,0,33,25,3,3,2,5,36,4,33,72,11
2012-01-29,10,17,12,0,12,83,42,45,8,15,37,79,28,11,14,5,31,46,63,10,51,23,12,23,32,42,6,37,0,5,14,5,75,22,17,5,4,4,9,4,15,7,32,11,0,5,5,8,0,22,19,3,2,2,6,34,3,33,69,11
2012-02-05,17,17,12,0,13,78,48,41,10,12,34,76,31,12,15,8,36,49,63,9,44,27,8,20,26,42,4,41,1,6,14,5,80,20,14,4,4,4,8,4,16,6,39,15,0,4,5,8,0,32,24,3,2,3,7,34,4,35,67,10
2012-02-12,13,24,11,0,12,83,37,45,11,15,31,88,27,10,15,6,34,52,57,8,45,23,10,26,29,39,3,38,1,5,14,6,76,20,16,3,3,5,13,4,17,11,28,13,0,5,5,6,0,24,23,3,2,3,5,34,3,33,68,9
2012-02-19,9,18,10,0,11,83,43,43,12,14,31,76,27,7,14,6,34,53,68,11,44,25,11,23,29,36,4,38,1,6,13,5,73,22,18,3,3,6,10,4,17,7,30,10,0,4,5,5,0,34,14,3,3,4,8,35,3,29,65,10
2012-02-26,13,18,13,0,9,78,40,36,11,15,36,70,23,10,12,6,28,43,64,8,45,21,9,21,28,35,5,42,1,6,12,5,71,19,19,4,2,3,9,5,13,11,33,10,0,4,5,5,0,34,18,3,4,4,7,35,4,30,64,11
2012-03-04,10,15,17,0,12,71,44,44,10,11,28,70,27,9,17,5,31,50,57,10,41,21,8,23,26,44,4,45,1,7,12,5,73,21,14,5,3,6,10,3,19,10,29,12,0,5,0,5,0,25,22,3,2,3,7,30,3,29,61,12
2012-03-11,10,20,12,0,12,80,40,47,13,12,33,78,32,14,17,7,32,58,54,8,44,21,10,22,31,44,4,41,1,5,13,6,73,22,17,6,5,8,7,4,16,7,36,13,0,5,0,6,0,23,22,2,2,3,6,35,4,34,72,12
2012-03-18,8,23,11,0,11,74,42,47,11,17,31,68,27,12,16,5,32,58,64,7,46,24,10,21,26,41,3,43,1,8,13,5,71,19,16,4,8,6,8,7,16,12,37,13,0,6,0,8,0,28,22,3,3,3,7,32,3,31,79,9
2012-03-25,9,16,13,0,9,77,39,43,11,9,34,61,26,12,13,5,29,51,51,8,40,20,8,18,28,37,4,46,1,5,11,4,73,19,17,3,5,5,6,7,11,9,28,10,0,3,0,6,0,22,18,3,4,4,6,34,2,31,70,9
2012-04-01,13,19,18,0,10,82,42,37,11,11,34,57,21,14,13,6,35,46,58,7,44,24,12,21,24,35,5,44,1,6,16,5,67,19,16,3,5,5,9,4,14,9,27,10,0,3,0,8,0,29,15,3,4,3,5,33,3,35,66,9
2012-04-08,7,18,17,0,12,82,40,45,12,13,33,80,25,14,13,6,35,49,57,8,44,22,9,20,26,41,3,44,1,5,14,5,74,16,16,3,5,7,10,5,27,10,26,11,0,3,0,8,12,26,21,2,5,2,6,35,3,31,58,11
2012-04-15,11,18,15,0,12,83,40,40,12,11,27,96,24,9,16,7,32,45,56,10,39,22,9,18,27,32,3,43,1,6,12,6,75,20,15,4,5,6,9,3,21,7,27,15,0,3,0,6,6,25,21,4,3,4,7,23,2,32,64,10
2012-04-22,10,17,9,0,10,74,38,40,10,13,27,100,22,12,12,8,31,46,59,8,40,23,9,19,27,39,3,45,1,6,13,4,62,19,14,4,5,4,9,4,19,10,27,12,0,3,0,6,5,26,34,3,3,2,6,32,3,29,60,9
2012-04-29,13,20,8,0,10,71,44,37,10,13,32,93,21,13,11,5,24,49,67,6,42,19,7,20,26,31,4,38,1,6,15,5,72,21,15,4,3,4,8,4,18,10,28,11,0,3,0,8,5,35,21,2,3,4,9,32,3,30,54,8
2012-05-06,14,20,12,0,11,75,43,38,13,11,27,80,19,11,12,7,32,43,55,9,41,19,7,23,27,31,5,43,1,5,13,6,74,20,13,3,3,4,10,4,14,9,27,15,0,4,5,7,5,29,19,5,3,4,7,24,2,33,56,10
2012-05-13,9,23,12,0,8,79,47,44,9,12,27,71,19,12,11,5,34,46,59,8,44,22,8,18,28,32,5,42,1,4,14,5,78,18,19,5,2,4,10,4,14,10,29,11,0,4,5,7,5,22,22,3,4,3,4,31,2,37,63,9
2012-05-20,10,28,10,0,11,75,41,44,13,16,36,78,22,15,13,7,33,43,53,10,44,24,7,16,31,31,2,42,1,5,13,5,85,19,18,3,3,4,7,5,21,9,30,11,0,3,5,8,5,27,20,3,3,3,5,26,2,31,62,9
2012-05-27,16,25,10,0,10,77,38,38,12,14,31,69,24,19,10,5,29,42,57,9,47,23,7,16,26,33,2,42,1,5,11,5,79,21,14,4,2,4,9,4,19,9,30,8,0,4,5,5,5,24,19,5,3,3,5,27,3,32,64,10
2012-06-03,14,23,11,0,12,74,38,36,11,11,38,75,26,18,11,6,37,47,59,9,50,23,9,23,30,33,4,51,1,4,11,4,76,22,14,4,2,5,10,5,17,6,29,14,0,5,5,8,5,20,20,4,3,3,6,26,3,33,61,9
2012-06-10,11,29,14,0,10,81,42,43,12,10,39,72,22,11,11,7,32,49,59,10,49,23,8,22,27,30,4,46,1,5,11,5,78,19,17,3,3,5,9,5,22,7,28,14,0,4,5,6,5,26,33,2,2,4,5,30,3,34,62,9
2012-06-17,7,32,14,0,11,77,37,45,13,10,33,75,25,12,12,6,41,57,58,12,47,21,9,16,26,36,2,40,1,7,11,5,81,21,16,5,2,8,7,6,16,9,29,16,0,5,5,10,5,18,23,2,3,2,4,31,2,34,62,9
2012-06-24,12,28,14,0,12,83,37,47,10,12,35,69,23,12,11,9,33,52,56,12,46,20,8,18,25,36,4,42,1,6,13,4,81,19,16,5,2,4,10,5,17,5,23,16,0,5,6,5,7,23,19,2,2,3,5,27,2,33,58,9
2012-07-01,11,29,8,0,10,85,40,47,12,11,34,78,25,11,10,7,34,49,61,9,50,22,9,19,29,39,4,46,1,6,13,5,75,21,16,7,3,5,11,4,16,8,27,15,0,4,4,6,11,22,18,2,3,2,9,29,3,32,59,11
2012-07-08,8,23,13,0,11,85,40,48,12,10,30,78,24,11,11,6,31,55,62,11,46,21,9,23,33,37,3,46,1,5,13,4,85,22,17,8,3,4,8,3,18,8,35,14,0,4,4,7,9,18,21,7,2,3,7,26,3,32,64,9
2012-07-15,12,17,14,0,11,84,44,41,10,13,34,82,23,12,12,8,30,45,62,13,47,23,10,18,30,34,2,46,1,6,12,7,92,23,16,5,3,6,9,6,20,8,27,16,0,5,4,4,7,22,28,3,2,3,6,30,3,31,64,10
2012-07-22,14,25,12,0,11,78,40,41,11,15,33,81,21,11,14,5,33,49,56,9,42,24,12,17,31,33,3,45,1,6,12,6,84,21,16,5,3,3,9,3,15,8,31,13,0,5,4,6,7,26,18,3,2,3,5,29,2,33,59,10
2012-07-29,11,20,11,0,8,70,38,40,10,10,34,66,22,8,13,4,27,43,58,7,38,20,8,17,24,34,3,39,1,6,10,4,81,16,14,5,2,4,9,4,18,10,31,10,0,5,5,6,4,20,20,3,3,4,6,26,2,27,65,8
2012-08-05,17,17,9,0,8,66,35,36,11,13,35,59,23,11,10,6,30,42,62,7,39,20,7,21,28,83,3,41,1,7,12,4,80,17,13,4,2,4,9,5,15,9,20,9,0,4,6,8,6,21,21,2,2,3,6,31,2,32,61,8
2012-08-12,15,22,9,0,10,81,37,44,12,13,35,63,24,11,10,6,35,52,56,12,41,21,7,16,29,47,4,41,1,5,10,5,100,21,15,4,3,4,10,6,12,9,24,12,0,3,6,4,6,19,21,3,3,4,6,28,2,33,59,9
2012-08-19,15,22,11,0,11,77,36,42,12,13,38,64,23,11,10,5,36,45,52,9,47,21,8,18,26,42,4,40,1,7,12,6,96,20,14,4,3,3,8,3,15,5,21,15,0,5,6,7,7,23,21,4,3,4,6,31,3,31,60,9
2012-08-26,9,27,10,0,13,72,35,39,11,11,34,61,22,11,9,6,29,47,60,8,40,23,8,20,21,39,3,42,1,6,11,5,81,17,14,6,2,4,8,3,11,8,24,13,0,5,6,6,4,27,23,4,2,4,6,29,3,30,60,8
2012-09-02,12,16,12,0,12,70,38,38,12,16,35,59,25,10,11,6,26,41,61,8,43,18,7,23,27,42,3,43,1,6,12,5,77,19,11,4,3,5,9,5,15,9,22,13,0,5,6,4,5,24,20,5,2,4,6,27,3,30,61,9
2012-09-09,10,21,13,0,13,78,38,40,11,15,39,62,24,9,13,6,34,48,59,9,42,22,9,21,24,38,4,39,1,6,12,5,77,18,16,4,3,5,8,3,17,10,23,14,0,4,6,7,5,26,23,4,2,3,7,29,2,30,60,10
2012-09-16,11,18,10,0,10,78,42,43,9,13,34,57,20,11,9,6,34,43,56,9,44,20,8,22,27,38,4,46,1,6,10,5,80,19,15,4,2,4,11,4,15,9,23,13,0,5,4,5,5,26,18,4,3,3,6,28,2,32,64,9
2012-09-23,12,18,14,0,11,78,37,37,12,16,36,55,25,8,13,6,29,41,55,10,40,19,9,15,28,42,6,40,2,6,12,5,76,20,14,4,2,3,12,5,14,10,27,10,0,3,4,5,6,27,23,3,2,3,5,28,2,25,64,8
2012-09-30,11,19,10,0,11,77,39,35,12,15,35,57,24,8,13,8,33,45,56,8,45,19,11,20,23,40,3,43,1,6,12,5,70,20,14,6,2,3,7,6,13,7,18,12,0,3,4,7,12,23,22,5,2,3,5,28,2,33,58,10
2012-10-07,13,19,9,0,9,77,36,39,10,13,37,61,26,11,13,7,34,41,59,9,37,22,10,18,25,40,3,40,1,6,11,5,80,22,17,3,3,5,9,4,18,10,26,10,0,4,4,8,7,20,16,4,3,4,6,28,2,28,56,12
2012-10-14,11,18,12,0,12,73,39,37,11,11,37,63,24,12,11,6,32,39,54,9,44,18,10,17,29,35,5,42,1,5,10,4,76,17,20,4,3,4,9,4,13,8,23,10,0,3,4,5,7,23,17,4,2,3,5,22,3,32,62,9
2012-10-21,9,23,9,0,8,79,38,38,12,16,34,62,24,11,13,4,37,50,84,9,46,23,8,20,25,39,3,48,1,6,12,5,73,18,15,4,3,5,11,5,11,8,23,11,0,4,4,8,4,24,21,3,4,4,5,26,2,32,60,11
2012-10-28,13,15,8,0,9,69,38,34,12,12,28,57,21,11,13,4,36,41,68,8,41,18,9,18,22,34,3,43,1,5,10,5,68,17,13,4,4,4,12,4,13,5,23,13,0,4,5,5,4,22,17,2,2,2,4,28,3,30,58,10
2012-11-04,11,15,12,0,12,78,40,36,12,15,37,68,26,9,13,4,33,44,62,9,43,17,9,22,27,37,2,41,1,5,11,4,76,21,16,4,3,3,11,5,14,7,21,13,0,4,5,7,7,27,15,4,2,3,5,28,2,33,61,13
2012-11-11,11,22,11,0,12,73,39,44,12,14,36,69,25,8,17,5,31,47,62,8,42,21,8,18,24,41,4,40,2,7,13,5,72,22,17,3,3,6,10,4,18,11,23,15,0,4,5,4,4,21,23,4,3,3,7,29,1,31,57,12
2012-11-18,8,16,10,0,11,78,43,40,11,13,35,65,28,11,13,7,31,43,65,11,38,21,8,20,27,40,3,43,1,7,13,5,72,21,18,3,3,5,9,4,21,7,21,11,0,4,6,7,4,27,17,5,2,3,7,29,2,35,61,12
2012-11-25,8,17,9,0,11,77,40,36,11,13,36,61,23,12,13,5,39,41,63,8,44,23,8,19,27,34,3,40,1,5,14,4,74,21,14,3,4,5,9,4,14,10,26,12,0,3,6,4,4,29,18,3,0,3,8,35,2,33,60,11
2012-12-02,10,13,7,0,11,78,44,38,11,10,37,57,27,9,10,5,31,42,66,7,41,20,9,21,27,35,3,44,1,5,11,4,72,20,16,3,3,5,8,5,13,8,24,9,0,3,7,6,5,28,27,3,0,3,6,30,3,30,61,9
2012-12-09,12,16,10,0,11,73,48,36,13,14,34,61,26,9,11,6,32,43,81,7,43,20,9,19,28,32,4,42,1,6,11,4,71,18,15,5,2,4,10,3,14,6,27,10,0,4,0,5,6,16,21,4,0,3,7,33,2,33,62,9
2012-12-16,18,15,9,0,11,78,45,41,11,15,44,64,28,9,16,6,35,52,83,9,44,21,7,25,28,37,3,46,0,6,14,4,67,21,13,4,2,4,10,5,17,9,25,14,0,5,0,0,7,35,22,4,0,3,5,39,2,34,66,9
2012-12-23,13,18,7,0,11,83,50,37,12,17,51,51,34,7,16,6,36,57,94,7,41,22,8,23,24,44,3,45,0,7,16,5,68,20,16,4,2,4,9,6,15,8,31,8,0,3,0,0,8,23,27,5,0,3,6,42,3,34,61,10
2012-12-30,9,24,10,0,12,90,54,43,17,15,42,71,35,9,14,6,31,52,82,8,43,23,10,28,21,49,3,48,0,6,15,4,79,23,14,4,3,5,9,6,16,7,35,12,0,3,0,0,5,30,23,5,0,3,3,45,3,32,66,11
2013-01-06,11,24,16,0,10,89,50,51,14,15,41,74,30,12,19,7,36,54,73,10,44,23,10,27,32,36,4,42,0,6,15,4,79,22,23,5,2,5,10,6,13,7,30,13,0,3,0,0,5,31,24,4,2,2,5,38,2,41,61,11
2013-01-13,9,25,7,0,11,89,55,50,15,13,46,75,31,15,14,6,31,50,66,9,48,22,9,25,27,41,4,48,0,7,15,5,85,23,23,4,2,3,7,4,15,10,23,17,0,3,7,0,6,25,16,3,3,5,5,31,3,40,60,10
2013-01-20,13,21,11,0,12,87,43,47,15,15,42,75,31,7,10,6,33,51,69,11,47,21,10,18,32,42,3,49,1,6,15,6,80,22,17,4,2,4,12,4,16,6,21,12,0,4,5,0,6,23,18,2,3,4,4,33,4,37,69,10
2013-01-27,11,19,13,0,9,82,47,45,14,11,37,75,27,10,16,5,32,56,70,9,44,19,9,21,26,36,4,45,1,8,15,4,78,22,17,3,4,5,10,4,11,9,27,11,0,3,5,5,4,25,24,3,3,3,5,31,2,33,63,13
2013-02-03,9,21,12,0,11,85,46,44,12,12,40,75,27,11,12,7,32,52,66,11,46,21,9,20,27,38,3,45,1,6,13,4,73,24,13,4,3,3,13,3,18,6,28,8,0,3,5,6,4,24,26,4,3,7,6,34,3,32,65,10
2013-02-10,15,21,12,0,13,83,47,47,11,14,37,71,26,12,9,6,28,48,66,12,39,21,9,20,31,36,4,43,1,5,11,5,67,27,18,3,3,3,9,3,16,8,26,14,0,3,5,5,4,29,25,5,3,3,8,30,2,35,63,10
2013-02-17,13,17,10,0,12,92,42,43,13,12,33,65,24,10,15,6,30,51,68,10,45,19,9,21,27,33,3,43,1,6,13,4,76,22,16,4,3,4,7,7,17,9,23,11,0,2,5,5,4,26,20,2,3,3,6,28,3,32,63,8
2013-02-24,11,18,9,0,10,80,45,40,13,13,33,61,28,13,12,6,26,56,67,11,43,17,9,20,30,40,4,41,1,5,12,5,70,20,15,4,4,4,11,15,15,8,22,12,0,3,5,5,4,24,26,3,2,3,6,23,2,31,59,10
2013-03-03,11,20,12,0,10,80,47,42,14,13,35,73,26,9,12,6,27,53,68,9,43,17,8,23,28,36,3,44,1,5,13,5,75,23,17,5,2,7,11,4,12,7,32,11,0,4,5,5,5,26,43,4,2,6,4,31,2,33,61,10
2013-03-10,12,21,11,0,13,87,44,39,21,13,43,76,27,16,11,7,28,57,74,9,46,20,10,23,25,41,4,45,1,6,12,4,73,25,17,3,3,4,9,7,14,7,28,13,0,3,5,6,5,22,34,4,2,4,7,36,2,35,64,9
2013-03-17,10,19,13,0,11,89,41,46,20,14,36,71,30,14,13,6,30,63,81,9,43,20,8,25,30,40,3,47,1,6,13,4,78,23,17,5,2,5,9,5,18,8,31,9,0,4,5,7,6,27,28,4,2,4,6,39,3,38,63,11
2013-03-24,10,21,11,0,13,89,40,45,18,14,42,70,33,15,12,6,32,67,75,10,44,21,8,24,27,44,4,46,1,6,12,5,65,20,15,4,3,3,7,4,12,6,26,9,0,4,5,7,7,29,20,3,2,4,6,30,3,37,58,10
2013-03-31,11,17,9,0,10,91,43,46,21,15,33,68,33,12,9,5,30,62,80,9,45,19,9,25,27,47,3,43,1,6,13,6,74,21,14,7,4,4,13,4,14,7,24,13,0,5,5,8,6,24,22,4,2,3,6,28,1,35,61,9
2013-04-07,9,22,14,0,11,95,44,48,18,12,39,79,29,11,13,6,31,72,68,9,45,21,9,24,32,41,4,45,1,6,12,5,78,22,15,6,3,4,9,5,17,8,26,11,0,3,5,6,5,22,32,5,3,5,4,28,3,35,62,10
2013-04-14,14,28,8,0,11,92,43,52,17,14,40,73,27,13,12,7,33,76,76,11,41,19,9,24,30,38,3,45,1,7,14,5,85,23,17,7,2,5,9,5,20,7,28,8,0,3,5,6,4,24,20,3,3,3,6,31,2,37,64,11
2013-04-21,12,26,12,0,10,89,40,47,17,14,35,74,25,11,11,6,33,73,73,10,43,18,8,26,34,37,3,48,1,6,13,5,78,19,17,8,4,6,10,5,16,9,20,14,0,3,5,7,5,20,23,3,2,3,5,32,3,36,62,9
2013-04-28,10,22,7,0,11,86,43,43,11,14,33,67,29,8,11,6,30,64,80,8,43,18,9,23,32,41,3,53,1,6,13,5,75,20,19,6,3,4,8,5,16,10,21,11,0,3,6,6,5,24,21,4,4,3,6,31,2,34,64,8
2013-05-05,12,24,9,0,10,81,39,45,14,13,34,64,26,10,11,6,32,65,70,9,44,19,9,23,37,40,3,52,1,5,13,5,75,24,14,7,2,4,8,5,12,9,22,11,0,3,6,5,6,18,26,5,3,4,6,32,3,35,59,11
2013-05-12,10,17,11,0,11,92,38,43,11,17,36,67,30,9,12,6,35,69,67,8,48,19,9,22,53,41,2,49,1,7,11,4,73,19,18,6,6,4,9,5,14,8,21,11,0,3,8,5,4,28,29,4,3,4,8,32,2,34,59,10
2013-05-19,15,21,15,0,11,86,43,43,13,15,38,68,24,11,11,6,33,59,74,9,49,21,8,21,48,39,4,47,1,7,12,4,75,21,18,5,6,4,9,5,16,8,32,13,0,5,8,4,4,24,22,3,3,4,5,27,2,34,62,10
2013-05-26,9,18,10,0,12,84,41,42,11,13,35,69,26,9,11,5,31,54,79,10,45,17,10,20,40,35,3,46,1,7,12,4,72,24,13,5,6,3,8,6,18,5,25,10,0,4,9,5,4,27,21,3,2,4,6,27,3,34,64,7
2013-06-02,12,17,10,0,13,85,40,43,12,13,32,73,29,9,10,6,31,57,71,8,44,16,11,21,39,37,2,51,1,7,13,4,73,21,16,6,6,3,9,6,19,8,27,10,0,3,6,4,4,23,22,3,3,4,6,34,3,33,59,8
2013-06-09,10,19,9,0,10,80,41,46,13,13,32,70,24,9,10,4,28,53,78,10,42,19,9,26,40,36,3,50,1,6,11,5,78,19,17,6,4,3,9,5,16,5,25,11,0,3,5,6,7,23,30,4,2,5,6,24,2,35,60,10
2013-06-16,10,24,11,3,10,84,44,47,13,17,40,64,33,10,12,6,31,56,79,9,43,23,9,25,36,40,3,57,1,6,12,6,79,20,15,5,7,4,8,8,18,9,21,9,0,4,6,5,5,32,23,3,3,5,5,27,3,38,65,10
2013-06-23,10,23,11,0,10,85,40,42,13,16,32,59,25,11,11,7,33,55,79,10,45,19,8,24,37,36,3,49,1,5,13,7,78,20,15,5,5,4,10,4,19,8,23,13,0,3,7,5,5,20,20,2,2,5,7,29,2,36,69,10
2013-06-30,14,23,8,0,10,89,37,42,12,24,33,69,23,11,11,6,30,61,77,9,46,20,10,22,34,33,4,54,1,6,13,6,73,21,15,4,4,4,10,7,20,8,27,12,0,3,6,5,8,28,16,5,4,3,6,30,2,32,64,9
2013-07-07,9,21,11,0,12,93,41,50,15,36,37,69,29,12,13,7,28,67,81,8,49,21,11,22,38,41,4,52,1,4,12,5,80,20,16,3,4,3,12,7,19,10,26,7,0,3,5,5,8,20,17,4,3,3,5,26,3,31,68,9
2013-07-14,11,23,8,0,11,90,45,39,12,33,36,67,29,14,11,4,30,67,81,10,47,19,10,22,33,41,4,62,1,6,10,7,74,19,16,3,6,4,9,13,15,9,27,11,0,3,5,6,5,22,31,3,3,3,6,27,3,37,66,9
2013-07-21,11,21,10,0,12,91,40,44,10,27,32,69,29,14,11,5,31,58,76,9,48,20,8,22,32,40,4,54,1,6,11,6,76,21,18,5,6,4,12,6,11,7,24,7,0,2,5,4,6,22,23,2,2,3,6,28,2,35,67,9
2013-07-28,9,20,11,3,9,83,42,39,12,24,34,58,25,15,10,6,27,55,80,8,44,19,10,24,31,36,4,54,1,5,10,5,74,21,12,4,4,4,7,7,13,7,23,8,0,5,5,6,4,21,30,2,2,4,5,29,3,34,69,9
2013-08-04,12,19,10,3,13,97,40,37,12,23,41,62,26,12,10,4,29,65,91,8,45,20,8,23,33,35,2,50,1,6,13,5,72,21,16,4,4,5,10,7,13,5,24,10,0,6,6,4,5,22,42,4,3,4,6,29,2,32,63,10
2013-08-11,10,18,9,3,12,99,40,45,10,17,43,61,26,10,11,6,30,60,85,8,50,19,8,24,36,39,3,53,1,7,13,5,72,23,13,4,3,5,11,8,14,4,26,10,0,6,6,5,7,24,27,7,4,3,7,24,3,30,66,10
2013-08-18,10,19,11,3,11,95,37,43,11,17,41,65,28,11,12,7,30,55,87,8,44,22,8,23,39,37,3,59,0,4,10,4,73,19,16,3,3,4,9,7,13,7,24,10,0,4,6,4,7,21,27,6,4,4,5,27,3,34,73,8
2013-08-25,8,20,9,3,11,99,38,38,11,14,44,66,26,10,10,5,30,51,83,7,44,20,10,21,40,33,3,55,0,5,11,5,77,17,16,3,4,5,8,3,15,5,23,7,0,3,5,6,5,21,21,4,3,3,5,27,2,30,64,10
2013-09-01,8,16,9,3,9,100,37,43,13,16,40,63,26,9,11,5,31,57,83,9,49,20,8,20,43,38,3,59,0,5,12,4,71,16,17,3,3,5,9,5,15,9,23,9,0,4,4,7,5,21,17,3,3,3,5,30,2,31,61,10
2013-09-08,11,17,9,3,13,98,40,42,13,18,39,58,26,10,11,6,28,55,80,9,54,20,8,19,49,36,4,51,0,4,12,5,81,21,17,4,3,8,8,5,10,9,30,15,0,5,6,4,9,21,21,4,4,3,6,30,3,32,60,11
2013-09-15,8,19,14,3,10,95,44,42,13,15,38,64,27,11,12,6,32,54,80,8,50,21,8,20,52,36,3,53,0,6,13,5,70,20,19,4,3,5,9,5,12,8,23,12,0,4,7,4,6,26,27,2,2,3,5,25,2,32,65,10
2013-09-22,9,17,11,3,14,98,42,38,12,14,41,65,25,8,12,5,31,57,83,9,45,22,10,22,45,37,3,50,1,5,12,6,70,17,15,3,2,3,8,5,17,9,23,14,0,3,4,5,7,22,28,4,2,4,5,29,2,29,61,9
2013-09-29,9,18,10,3,9,88,38,39,12,17,37,63,22,8,11,6,28,58,83,9,49,18,8,17,42,36,3,55,1,5,10,5,67,16,13,3,2,4,10,5,13,9,22,11,0,3,4,5,4,23,28,2,3,3,7,27,2,29,62,8
2013-10-06,8,15,10,3,9,81,38,37,13,19,36,62,24,10,12,8,30,50,79,8,47,22,7,20,50,39,2,56,1,6,11,5,71,18,16,3,2,4,6,5,15,6,22,15,0,4,4,5,4,24,30,5,1,4,5,25,2,31,64,9
2013-10-13,8,19,10,3,9,90,37,41,13,16,41,61,29,9,13,5,27,60,80,9,44,20,8,24,43,41,3,54,1,6,11,4,73,18,16,4,3,6,11,5,12,9,22,12,0,3,5,3,7,17,29,5,2,4,7,30,2,32,69,10
2013-10-20,6,19,9,3,11,86,37,39,12,16,38,55,23,10,12,6,30,61,88,8,43,20,10,17,45,41,2,49,1,5,11,4,70,19,17,3,3,5,10,5,14,9,23,11,0,3,6,5,6,20,24,4,3,5,6,24,2,29,66,9
2013-10-27,7,15,8,3,9,85,36,32,11,12,39,55,29,9,8,5,26,60,79,7,42,21,7,15,35,42,3,44,1,5,10,3,67,16,14,4,100,5,8,6,14,4,19,10,0,2,7,4,3,19,24,2,2,4,6,25,2,32,64,9
2013-11-03,9,15,7,3,10,91,40,34,10,18,38,55,25,10,10,4,30,55,82,7,43,20,9,19,39,42,2,50,1,4,11,4,70,16,14,3,14,5,8,4,12,8,25,11,0,3,4,4,7,24,18,3,1,4,6,26,2,29,64,9
2013-11-10,8,16,8,3,11,86,39,35,10,18,37,55,22,10,9,5,28,49,86,7,45,22,9,20,35,40,2,51,1,4,10,4,72,16,15,4,7,6,7,5,16,8,22,8,0,2,5,5,4,19,21,3,2,3,5,28,2,31,64,8
2013-11-17,8,14,6,3,9,86,37,36,11,14,36,52,22,9,10,5,28,56,86,7,43,21,7,22,33,37,3,47,1,5,11,4,68,17,25,3,7,3,9,5,14,7,23,10,0,3,5,3,5,20,24,3,3,3,3,25,2,30,61,9
2013-11-24,8,15,8,6,10,77,34,30,12,13,31,47,18,8,9,5,29,43,83,8,38,18,8,19,32,32,3,47,1,4,10,3,66,17,16,3,7,3,9,4,16,6,22,7,0,1,3,3,5,18,21,3,2,4,5,24,2,28,58,9
2013-12-01,7,13,8,3,8,77,30,29,11,12,31,40,17,8,7,3,27,40,87,7,37,19,7,30,27,30,4,45,1,3,8,12,62,16,15,4,5,4,8,5,14,7,21,9,0,1,3,4,4,17,23,4,2,3,4,21,1,28,54,6
2013-12-08,7,11,7,3,9,70,31,28,9,11,33,44,18,6,9,3,24,39,86,6,37,19,7,19,26,30,2,43,1,4,9,12,59,14,11,2,4,4,9,5,14,7,19,7,0,2,2,4,3,18,23,3,2,3,4,23,1,26,54,8
2013-12-15,6,11,8,3,11,74,34,30,9,13,32,46,19,8,8,2,24,45,97,5,36,18,8,18,28,33,3,40,1,3,8,7,61,13,14,3,5,3,8,4,14,6,22,6,0,2,2,5,4,16,29,3,2,4,5,22,2,28,58,7
2013-12-22,8,11,4,5,7,68,30,25,7,12,32,34,15,7,8,3,23,40,100,6,30,17,5,19,25,29,3,38,0,4,9,4,55,11,13,3,6,2,6,6,14,7,24,5,0,2,2,5,3,15,24,4,2,3,5,22,2,28,56,7
2013-12-29,9,12,2,3,9,69,31,26,9,12,33,40,18,8,12,3,22,40,94,6,32,16,5,14,24,32,1,37,0,5,9,4,63,13,10,3,5,2,8,5,14,6,19,6,0,2,2,4,3,18,26,4,2,4,4,22,2,28,57,6
2014-01-05,8,10,8,2,9,77,33,35,9,11,35,44,17,8,10,3,26,45,89,6,36,19,7,16,27,29,3,43,0,5,9,4,69,17,18,3,4,4,8,5,14,6,21,7,0,2,2,4,4,15,24,2,1,4,4,26,1,31,57,8
2014-01-12,7,14,8,2,8,73,34,32,8,11,30,46,18,9,9,5,27,47,84,7,37,19,6,15,28,31,2,40,0,5,10,4,65,16,13,3,5,3,7,5,11,5,18,8,0,2,5,5,5,18,20,4,2,4,3,21,2,27,55,8
2014-01-19,6,19,7,2,10,76,33,31,10,12,28,49,17,10,11,4,34,42,78,6,34,19,7,17,30,29,2,38,0,4,10,5,68,13,13,4,4,4,6,6,11,6,22,6,0,2,4,5,3,16,19,2,1,3,3,22,1,29,57,7
2014-01-26,7,16,7,3,8,72,32,28,8,10,30,45,17,8,9,3,29,38,81,7,38,17,7,15,29,26,2,45,0,5,10,5,60,14,10,3,4,3,6,4,13,5,23,7,0,1,2,6,3,18,16,2,2,3,3,21,2,27,52,7
2014-02-02,7,14,8,2,10,70,31,28,8,11,25,47,16,9,9,3,26,37,77,7,35,16,6,14,30,26,3,43,1,4,11,4,62,13,11,2,5,4,8,5,9,5,20,5,0,1,3,5,3,20,21,2,1,4,3,22,2,27,53,7
2014-02-09,7,15,5,2,8,72,30,29,10,10,26,45,18,8,9,4,24,40,76,6,37,18,6,13,27,28,2,42,1,4,10,4,63,11,10,3,5,4,5,8,13,5,27,7,0,1,3,6,2,21,18,3,3,4,3,22,2,28,56,7
2014-02-16,6,15,7,2,8,72,31,30,10,13,27,45,17,6,9,4,28,44,75,5,37,17,8,16,32,30,3,39,1,4,10,5,66,14,12,3,6,3,8,5,10,5,18,7,0,2,4,3,5,20,19,2,2,3,4,19,2,27,55,6
2014-02-23,5,16,6,2,8,69,31,26,9,13,26,46,17,9,8,3,28,41,78,6,34,16,6,16,32,27,2,39,1,4,10,4,61,13,10,3,5,3,6,4,10,6,17,6,0,2,4,5,3,20,21,3,2,3,3,21,2,26,55,6
2014-03-02,7,11,7,3,8,68,28,24,8,12,28,43,16,9,7,3,26,40,76,5,35,17,5,17,27,31,2,40,0,5,10,4,60,12,11,2,5,4,8,4,10,5,18,8,0,1,3,4,3,18,19,3,2,3,4,18,2,23,51,7
2014-03-09,5,13,7,2,7,68,30,30,9,11,32,45,17,9,8,4,26,42,74,6,36,18,7,16,29,33,2,41,0,4,9,4,68,12,11,3,4,2,6,3,13,5,21,7,0,2,5,5,3,16,19,3,2,3,4,20,2,26,54,7
2014-03-16,6,16,6,3,8,72,34,28,7,10,32,45,16,8,8,4,23,43,79,7,36,17,10,19,30,30,2,38,0,4,9,4,66,13,11,3,3,3,6,5,14,6,20,8,0,2,3,4,2,18,18,3,2,4,4,21,2,27,55,7
2014-03-23,6,16,5,2,8,72,29,28,8,10,29,41,15,8,7,4,23,40,80,6,36,16,8,16,33,28,2,40,0,4,10,5,62,14,11,3,4,2,7,4,12,6,17,10,0,2,2,4,4,17,18,2,1,4,4,23,1,25,55,7
2014-03-30,8,16,8,2,8,78,31,30,10,12,30,48,19,9,6,5,25,44,76,7,35,15,6,20,37,34,2,46,0,4,10,3,66,15,13,3,5,3,8,4,13,5,20,9,0,2,3,4,5,17,22,3,2,3,4,22,2,26,60,7
2014-04-06,8,14,5,2,7,79,33,36,8,12,36,46,20,7,9,5,27,43,74,8,37,18,6,15,36,31,2,44,0,4,10,4,70,14,13,4,5,2,7,5,15,6,19,9,0,1,4,4,4,20,19,3,2,3,3,23,1,29,63,7
2014-04-13,10,13,5,2,8,82,33,31,12,14,33,47,21,8,8,5,27,48,72,7,38,17,8,16,36,35,2,45,0,4,12,4,66,14,13,3,5,3,9,5,14,7,20,6,0,2,5,5,3,20,23,3,1,3,3,25,2,30,61,7
2014-04-20,10,15,7,2,9,82,34,32,9,11,36,50,23,9,8,5,24,50,76,6,40,17,7,17,29,35,2,48,1,4,12,4,67,14,13,3,4,3,9,7,16,8,20,10,0,3,4,4,3,19,22,2,2,4,5,26,2,29,66,9
2014-04-27,9,14,5,2,7,74,33,26,9,12,37,53,20,8,9,4,24,50,80,6,38,17,7,15,31,33,2,44,1,4,12,4,64,13,12,4,5,3,6,4,11,7,24,8,0,2,3,5,5,22,20,3,2,4,4,25,2,29,67,8
2014-05-04,8,11,7,2,7,68,32,28,9,11,38,42,17,7,9,5,22,49,72,7,35,17,6,15,30,29,3,46,0,4,11,4,67,12,13,3,4,3,7,4,13,6,20,7,0,2,4,4,3,21,21,3,2,4,4,22,1,30,59,7
2014-05-11,7,13,7,2,7,75,29,34,9,12,36,43,18,8,7,4,26,56,73,5,41,18,6,16,33,28,3,41,1,4,10,4,66,17,13,3,4,2,8,6,14,5,19,6,0,2,3,3,3,19,21,5,2,3,4,19,2,31,63,7
2014-05-18,11,12,6,3,7,82,32,32,10,13,37,50,20,8,10,4,25,51,76,6,40,17,6,15,33,31,3,45,1,5,11,4,68,16,14,3,4,2,6,6,14,7,19,8,0,1,4,3,3,20,22,3,3,5,6,25,1,30,64,8
2014-05-25,9,14,6,2,8,74,35,30,10,12,35,46,19,7,9,5,30,46,78,6,41,19,7,15,30,30,2,49,1,5,10,4,67,14,15,3,4,3,7,6,14,7,23,9,0,3,4,4,3,21,21,3,2,3,5,23,1,26,65,7
2014-06-01,8,11,5,2,7,77,33,31,9,15,44,41,19,9,8,4,28,55,80,7,43,19,6,16,30,31,3,50,1,5,9,4,68,14,12,3,5,3,8,5,11,8,19,9,0,2,4,4,4,18,17,3,3,4,4,24,1,28,64,7
2014-06-08,8,13,9,3,7,77,34,31,11,16,39,48,20,8,8,5,31,58,73,6,39,20,6,16,30,32,2,50,0,6,9,4,73,16,14,4,4,3,6,9,12,7,24,10,0,2,4,4,3,21,19,3,2,3,4,21,1,28,66,8
2014-06-15,7,12,7,4,9,78,35,33,10,16,39,53,20,7,7,5,28,46,80,6,41,20,6,17,31,30,2,49,1,6,10,4,70,13,13,3,4,3,6,7,12,5,19,7,0,2,4,6,6,18,25,3,2,3,5,22,2,30,62,7
2014-06-22,7,14,9,3,8,81,32,34,10,16,40,53,22,8,9,4,26,50,76,7,42,19,7,15,34,33,3,49,0,5,10,4,71,17,15,3,5,3,9,7,14,4,21,7,0,2,4,5,6,17,18,3,2,3,5,20,1,29,60,7
2014-06-29,9,12,6,3,8,71,31,32,9,15,30,45,14,8,16,5,24,41,81,7,39,15,6,14,29,27,1,44,1,4,9,3,64,15,12,2,3,2,6,6,11,5,19,8,0,1,4,4,4,16,20,2,2,4,4,21,2,27,60,8
2014-07-06,7,14,8,6,10,86,31,33,10,15,33,53,16,8,11,5,28,46,78,7,40,20,7,19,32,29,2,49,1,5,9,4,68,17,11,4,3,3,7,5,14,3,20,7,0,1,4,4,3,15,21,3,1,3,4,17,1,29,63,8
2014-07-13,9,12,7,6,8,85,33,36,11,17,39,58,16,7,10,5,28,45,79,7,42,20,6,16,33,28,3,49,1,5,10,5,75,17,12,3,4,2,6,7,12,5,23,9,0,2,3,5,6,18,19,3,1,3,4,21,2,31,67,8
2014-07-20,6,11,7,3,9,82,34,35,10,13,33,48,19,7,10,4,27,44,83,7,40,18,7,22,28,27,2,52,1,4,9,4,71,14,15,3,4,3,9,6,12,5,23,7,0,2,4,5,7,14,21,3,2,4,3,21,2,30,68,8
2014-07-27,7,12,8,4,7,78,31,31,9,12,29,40,16,7,7,4,26,40,76,6,37,16,6,31,26,27,2,47,1,4,9,4,69,13,11,3,4,3,10,6,15,5,19,7,0,2,6,4,4,18,20,2,3,3,4,22,2,29,62,8
2014-08-03,6,13,6,3,8,84,31,30,10,15,31,40,16,8,9,3,25,43,82,9,37,17,6,16,29,27,3,47,1,4,9,3,63,15,10,3,4,3,9,5,14,5,22,8,0,2,5,5,5,18,18,3,2,4,5,22,2,27,63,7
2014-08-10,8,9,6,3,7,86,32,33,10,12,33,41,17,8,11,4,27,41,78,10,37,18,6,16,26,32,2,48,0,4,9,4,70,16,12,4,3,3,7,4,16,6,20,8,0,1,6,5,2,18,24,3,2,5,5,21,2,29,64,7
2014-08-17,6,12,5,3,9,80,30,30,10,14,35,44,17,9,10,4,27,44,76,8,39,20,6,17,27,29,3,42,0,4,9,4,65,16,14,3,4,3,8,6,12,7,22,9,0,2,5,4,4,20,22,2,2,3,3,21,3,28,61,7
2014-08-24,7,11,6,3,9,80,31,30,10,15,32,44,18,9,7,4,27,43,76,8,39,18,6,16,26,30,3,50,0,4,10,3,66,14,14,2,3,3,7,6,13,6,19,8,0,2,6,5,6,18,20,3,2,4,4,20,2,28,59,7
2014-08-31,8,12,6,2,8,80,32,27,10,13,31,42,18,9,9,5,25,44,80,7,37,20,6,16,28,31,3,50,0,4,10,4,67,14,12,4,2,3,9,6,14,7,20,8,0,2,6,4,4,17,27,4,4,4,5,21,2,27,65,8
2014-09-07,6,13,7,2,8,77,31,29,11,16,34,45,19,9,9,5,26,43,79,7,37,18,6,14,31,31,2,48,0,4,9,4,66,15,14,3,5,2,7,6,13,5,20,8,0,2,4,5,3,16,21,2,2,4,4,19,2,30,67,8
2014-09-14,7,13,6,3,8,77,30,30,12,15,32,48,18,7,9,5,28,49,75,7,37,19,6,14,31,32,2,47,0,4,11,3,68,15,14,3,5,3,7,6,12,5,19,5,0,2,3,5,3,19,22,2,2,4,4,22,2,29,64,8
2014-09-21,6,13,7,3,9,80,30,27,12,12,32,42,18,8,7,5,29,43,80,7,38,17,5,16,30,28,3,44,0,5,11,3,68,13,12,4,9,2,7,7,14,6,21,6,0,2,4,4,5,17,27,4,2,3,5,24,2,27,61,7
2014-09-28,7,11,5,3,8,76,32,26,11,14,30,41,19,7,10,4,28,45,80,7,39,19,5,17,29,31,3,49,0,4,9,4,65,14,14,4,10,1,8,5,13,8,22,6,0,1,4,4,5,23,23,3,2,4,4,19,1,28,61,7
2014-10-05,7,13,5,3,7,84,31,32,12,16,30,44,17,8,10,4,30,45,79,7,41,18,5,18,29,28,2,47,0,4,10,3,67,15,12,4,10,3,8,18,12,7,26,6,0,3,7,5,4,23,24,3,2,4,5,20,2,27,64,8
2014-10-12,6,17,6,3,7,83,33,29,12,16,37,45,17,8,9,4,33,47,79,8,43,20,6,15,35,32,1,55,0,4,12,4,71,14,19,4,10,2,6,43,12,5,25,7,0,1,7,5,5,25,28,3,2,5,4,22,2,29,65,8
2014-10-19,7,14,7,2,9,82,30,34,12,13,34,43,18,7,10,4,31,44,80,8,40,17,6,18,30,33,2,54,0,4,10,3,69,15,15,3,11,3,5,43,13,5,21,7,0,1,3,3,4,20,21,3,1,4,4,20,1,29,59,8
2014-10-26,9,12,7,2,8,80,33,31,11,13,32,41,19,6,8,4,27,47,76,6,39,18,6,15,30,33,3,56,0,4,9,4,67,11,15,3,9,3,7,34,13,6,18,6,0,2,4,5,6,21,19,2,2,3,4,21,2,31,61,7
2014-11-02,7,16,6,2,8,82,35,30,11,13,31,40,21,8,9,4,31,42,82,7,42,16,5,16,30,32,3,55,1,4,10,3,66,13,19,3,10,4,10,32,15,8,18,6,0,2,6,5,4,25,23,3,2,3,3,29,1,29,62,8
2014-11-09,6,14,8,3,9,93,32,29,13,14,35,46,20,10,10,5,36,47,77,7,37,19,6,17,31,35,2,55,1,5,12,4,70,14,18,4,10,4,8,37,11,6,21,11,0,1,3,6,4,22,26,3,2,4,4,25,2,28,61,9
